callsign,time_despegue,SID,Estela,Airline,AircraftType,Runway,IAS_850ft,IAS_850ft_time,IAS_850ft_altitude,IAS_1500ft,IAS_1500ft_time,IAS_1500ft_altitude,IAS_3500ft,IAS_3500ft_time,IAS_3500ft_altitude
RYR1FB,0 days 04:01:39,-,Media,1014,B38M,LEBL-06R,178.0,04:02:11:359,824.996958217446,,,,,,
RYR1FB,0 days 04:01:39,-,Media,1014,B38M,LEBL-06R,,,,183.0,04:02:31:328,1524.98910866923,,,
RYR1FB,0 days 04:01:39,-,Media,1014,B38M,LEBL-06R,,,,,,,212.0,04:03:43:242,3549.90221553458
VLG6152,0 days 04:04:04,-,Media,1014,A320,LEBL-06R,154.0,04:04:27:375,874.999252524822,,,,,,
VLG6152,0 days 04:04:04,-,Media,1014,A320,LEBL-06R,,,,177.0,04:04:55:164,1524.99131393605,,,
VLG6152,0 days 04:04:04,-,Media,1014,A320,LEBL-06R,,,,,,,192.0,04:05:55:070,3499.93329875075
VLG9YD,0 days 04:05:55,-,Media,1014,A320,LEBL-06R,164.0,04:06:07:672,875.000145185928,,,,,,
VLG9YD,0 days 04:05:55,-,Media,1014,A320,LEBL-06R,,,,176.0,04:06:23:156,1524.99810673668,,,
VLG9YD,0 days 04:05:55,-,Media,1014,A320,LEBL-06R,,,,,,,212.0,04:07:18:969,3474.95890379151
RYR28RR,0 days 04:07:45,-,Media,"1014,2",B738,LEBL-06R,160.0,04:08:11:000,899.998458700454,,,,,,
RYR28RR,0 days 04:07:45,-,Media,"1014,2",B738,LEBL-06R,,,,179.0,04:08:34:891,1499.9909935527,,,
RYR28RR,0 days 04:07:45,-,Media,"1014,2",B738,LEBL-06R,,,,,,,206.0,04:09:34:781,3474.92997662726
RYR91MD,0 days 04:09:26,-,Media,"1014,2",B738,LEBL-06R,171.0,04:09:50:836,899.998029189013,,,,,,
RYR91MD,0 days 04:09:26,-,Media,"1014,2",B738,LEBL-06R,,,,185.0,04:10:10:758,1499.99133467099,,,
RYR91MD,0 days 04:09:26,-,Media,"1014,2",B738,LEBL-06R,,,,,,,218.0,04:11:14:641,3474.91945464958
RYR699N,0 days 04:10:56,-,Media,"1014,2",B738,LEBL-06R,168.0,04:11:18:813,874.999037107582,,,,,,
RYR699N,0 days 04:10:56,-,Media,"1014,2",B738,LEBL-06R,,,,172.0,04:11:34:664,1474.99521451286,,,
RYR699N,0 days 04:10:56,-,Media,"1014,2",B738,LEBL-06R,,,,,,,211.0,04:12:38:531,3524.93638091201
VLG53PC,0 days 04:12:16,-,Media,1014,A320,LEBL-06R,154.0,04:12:34:789,899.999461675011,,,,,,
VLG53PC,0 days 04:12:16,-,Media,1014,A320,LEBL-06R,,,,179.0,04:13:02:547,1524.99195688475,,,
VLG53PC,0 days 04:12:16,-,Media,1014,A320,LEBL-06R,,,,,,,211.0,04:13:58:430,3424.93652151555
SWR7YT,0 days 04:13:57,-,Media,1014,A320,LEBL-06R,146.0,04:14:06:977,825.000105721186,,,,,,
SWR7YT,0 days 04:13:57,-,Media,1014,A320,LEBL-06R,,,,160.0,04:14:26:531,1499.99728966628,,,
SWR7YT,0 days 04:13:57,-,Media,1014,A320,LEBL-06R,,,,,,,208.0,04:15:26:328,3549.95348244232
RYR32FE,0 days 04:15:37,-,Media,"1014,2",B738,LEBL-06R,159.0,04:15:58:438,824.998989918485,,,,,,
RYR32FE,0 days 04:15:37,-,Media,"1014,2",B738,LEBL-06R,,,,188.0,04:16:26:258,1474.99011898656,,,
RYR32FE,0 days 04:15:37,-,Media,"1014,2",B738,LEBL-06R,,,,,,,207.0,04:17:26:141,3574.92493931401
RYR57ZC,0 days 04:17:08,LARPA4R,Media,"1014,2",B738,LEBL-06R,156.0,04:17:30:344,849.999239600151,,,,,,
RYR57ZC,0 days 04:17:08,LARPA4R,Media,"1014,2",B738,LEBL-06R,,,,187.0,04:17:58:133,1474.99104537756,,,
RYR57ZC,0 days 04:17:08,LARPA4R,Media,"1014,2",B738,LEBL-06R,,,,,,,202.0,04:18:50:031,3499.94098441415
VLG1510,0 days 04:18:28,-,Media,1013,A320,LEBL-06R,152.0,04:18:42:570,850.000055644083,,,,,,
VLG1510,0 days 04:18:28,-,Media,1013,A320,LEBL-06R,,,,167.0,04:19:02:148,1549.9970188307,,,
VLG1510,0 days 04:18:28,-,Media,1013,A320,LEBL-06R,,,,,,,207.0,04:19:53:969,3549.96028412535
VLG8FU,0 days 04:21:24,-,Media,1014,A320,LEBL-06R,151.0,04:21:42:164,824.999787815682,,,,,,
VLG8FU,0 days 04:21:24,-,Media,1014,A320,LEBL-06R,,,,172.0,04:22:05:844,1474.99489757596,,,
VLG8FU,0 days 04:21:24,-,Media,1014,A320,LEBL-06R,,,,,,,217.0,04:23:09:688,3474.9341135421
RYR73JP,0 days 04:23:05,-,Media,"1013,2",B738,LEBL-06R,160.0,04:23:22:078,849.999856922206,,,,,,
RYR73JP,0 days 04:23:05,-,Media,"1013,2",B738,LEBL-06R,,,,178.0,04:23:41:703,1499.99605939462,,,
RYR73JP,0 days 04:23:05,-,Media,"1013,2",B738,LEBL-06R,,,,,,,210.0,04:24:37:586,3474.9508316995
ITY075,0 days 04:24:50,-,Media,1014,A20N,LEBL-06R,134.0,04:25:06:023,850.000001164155,,,,,,
ITY075,0 days 04:24:50,-,Media,1014,A20N,LEBL-06R,,,,181.0,04:25:41:539,1524.99173466898,,,
ITY075,0 days 04:24:50,-,Media,1014,A20N,LEBL-06R,,,,,,,209.0,04:26:33:430,3574.94206016761
RYR2A,0 days 04:26:20,DUNES4R,Media,"1014,2",B738,LEBL-06R,154.0,04:26:41:594,824.999176653556,,,,,,
RYR2A,0 days 04:26:20,DUNES4R,Media,"1014,2",B738,LEBL-06R,,,,195.0,04:27:17:375,1524.98670459193,,,
RYR2A,0 days 04:26:20,DUNES4R,Media,"1014,2",B738,LEBL-06R,,,,,,,203.0,04:28:05:289,3449.93642166708
TVF32ER,0 days 04:27:51,-,Media,1013,A20N,LEBL-06R,143.0,04:28:05:891,875.000132881347,,,,,,
TVF32ER,0 days 04:27:51,-,Media,1013,A20N,LEBL-06R,,,,142.0,04:28:21:461,1524.99848953839,,,
TVF32ER,0 days 04:27:51,-,Media,1013,A20N,LEBL-06R,,,,,,,202.0,04:29:21:211,3599.96556713802
VLG911N,0 days 04:29:36,-,Media,1013,A320,LEBL-06R,154.0,04:29:53:508,924.999788334402,,,,,,
VLG911N,0 days 04:29:36,-,Media,1013,A320,LEBL-06R,,,,162.0,04:30:13:172,1524.99625853798,,,
VLG911N,0 days 04:29:36,-,Media,1013,A320,LEBL-06R,,,,,,,222.0,04:31:21:039,3549.93508399316
TAP1041,0 days 04:31:02,-,Media,1014,A320,LEBL-06R,157.0,04:31:17:453,799.999867626053,,,,,,
TAP1041,0 days 04:31:02,-,Media,1014,A320,LEBL-06R,,,,173.0,04:31:45:102,1524.99386096893,,,
TAP1041,0 days 04:31:02,-,Media,1014,A320,LEBL-06R,,,,,,,224.0,04:33:00:906,3524.91029379281
RYR2VR,0 days 04:32:42,-,Media,"1013,2",B738,LEBL-06R,168.0,04:33:05:016,874.998856009946,,,,,,
RYR2VR,0 days 04:32:42,-,Media,"1013,2",B738,LEBL-06R,,,,198.0,04:33:32:859,1474.9893907919,,,
RYR2VR,0 days 04:32:42,-,Media,"1013,2",B738,LEBL-06R,,,,,,,216.0,04:34:28:781,3449.92671995912
RYR81RY,0 days 04:34:43,-,Media,"1013,2",B38M,LEBL-06R,160.0,04:35:05:000,799.999430857751,,,,,,
RYR81RY,0 days 04:34:43,-,Media,"1013,2",B38M,LEBL-06R,,,,201.0,04:35:40:727,1474.98709649027,,,
RYR81RY,0 days 04:34:43,-,Media,"1013,2",B38M,LEBL-06R,,,,,,,206.0,04:36:32:625,3499.92937614705
KLM73T,0 days 04:36:09,-,Media,"1013,2",B738,LEBL-06R,165.0,04:36:28:773,824.999047273657,,,,,,
KLM73T,0 days 04:36:09,-,Media,"1013,2",B738,LEBL-06R,,,,202.0,04:37:04:594,1474.98523746585,,,
KLM73T,0 days 04:36:09,-,Media,"1013,2",B738,LEBL-06R,,,,,,,230.0,04:38:12:492,3574.89447260749
AFR32SN,0 days 04:37:54,OLOXO1R,Media,1014,A320,LEBL-06R,154.0,04:38:12:813,899.999671839812,,,,,,
AFR32SN,0 days 04:37:54,OLOXO1R,Media,1014,A320,LEBL-06R,,,,154.0,04:38:28:578,1499.99705358455,,,
AFR32SN,0 days 04:37:54,OLOXO1R,Media,1014,A320,LEBL-06R,,,,,,,181.0,04:39:40:398,3524.95209493987
VLG8SJ,0 days 04:40:15,-,Media,1014,A320,LEBL-06R,162.0,04:40:32:602,849.999629622047,,,,,,
VLG8SJ,0 days 04:40:15,-,Media,1014,A320,LEBL-06R,,,,171.0,04:40:56:344,1499.99434049636,,,
VLG8SJ,0 days 04:40:15,-,Media,1014,A320,LEBL-06R,,,,,,,225.0,04:42:04:188,3549.92299837127
EJU73YK,0 days 04:45:17,NATPI2R,Media,1014,A319,LEBL-06R,150.0,04:45:36:117,924.999377849686,,,,,,
EJU73YK,0 days 04:45:17,NATPI2R,Media,1014,A319,LEBL-06R,,,,167.0,04:45:59:922,1549.99378379853,,,
EJU73YK,0 days 04:45:17,NATPI2R,Media,1014,A319,LEBL-06R,,,,,,,211.0,04:46:59:797,3574.93905992467
UPS242,0 days 04:49:19,LOTOS3R,Pesada,1014,B763,LEBL-06R,150.0,04:49:20:727,750.000347193388,,,,,,
UPS242,0 days 04:49:19,LOTOS3R,Pesada,1014,B763,LEBL-06R,,,,149.0,04:49:36:063,1499.99997798947,,,
UPS242,0 days 04:49:19,LOTOS3R,Pesada,1014,B763,LEBL-06R,,,,,,,206.0,04:50:27:570,3624.97744007717
VLG365N,0 days 04:51:50,DALIN4R,Media,1013,A320,LEBL-06R,161.0,04:52:03:805,774.999877303066,,,,,,
VLG365N,0 days 04:51:50,DALIN4R,Media,1013,A320,LEBL-06R,,,,168.0,04:52:27:422,1474.99536975468,,,
VLG365N,0 days 04:51:50,DALIN4R,Media,1013,A320,LEBL-06R,,,,,,,220.0,04:53:31:297,3549.93531474911
VLG3YR,0 days 05:00:28,-,Media,1013,A320,LEBL-24L,163.0,05:00:48:164,774.995547835442,,,,,,
VLG3YR,0 days 05:00:28,-,Media,1013,A320,LEBL-24L,,,,175.0,05:01:08:039,1474.9962891302,,,
VLG3YR,0 days 05:00:28,-,Media,1013,A320,LEBL-24L,,,,,,,222.0,05:02:15:688,3475.03493159733
VLG1265,0 days 05:06:21,OLOXO1C,Media,1014,A320,LEBL-24L,163.0,05:06:39:719,799.994930366542,,,,,,
VLG1265,0 days 05:06:21,OLOXO1C,Media,1014,A320,LEBL-24L,,,,176.0,05:06:59:633,1499.99341452703,,,
VLG1265,0 days 05:06:21,OLOXO1C,Media,1014,A320,LEBL-24L,,,,,,,222.0,05:08:07:297,3450.02377468271
VLG73QE,0 days 05:09:22,GRAUS1C,Media,1014,A321,LEBL-24L,,05:09:35:477,799.995881901414,,,,,,
VLG73QE,0 days 05:09:22,GRAUS1C,Media,1014,A321,LEBL-24L,,,,165.0,05:09:55:359,1499.9960106499,,,
VLG73QE,0 days 05:09:22,GRAUS1C,Media,1014,A321,LEBL-24L,,,,,,,225.0,05:11:15:055,3525.02744641848
VLG4SW,0 days 05:13:54,DIPES1C,Media,1014,A321,LEBL-24L,164.0,05:14:11:125,899.995111561236,,,,,,
VLG4SW,0 days 05:13:54,DIPES1C,Media,1014,A321,LEBL-24L,,,,184.0,05:14:34:969,1499.99650252146,,,
VLG4SW,0 days 05:13:54,DIPES1C,Media,1014,A321,LEBL-24L,,,,,,,236.0,05:15:50:594,3425.0466083054
VLG4VF,0 days 05:15:25,-,Media,1014,A321,LEBL-24L,,05:15:50:961,1124.99485221011,,,,,,
VLG4VF,0 days 05:15:25,-,Media,1014,A321,LEBL-24L,,,,181.0,05:16:06:836,1474.99715623494,,,
VLG4VF,0 days 05:15:25,-,Media,1014,A321,LEBL-24L,,,,,,,231.0,05:17:22:477,3475.04555411996
DLH03K,0 days 05:17:00,-,Media,1014,A20N,LEBL-24L,144.0,05:17:14:844,849.99744555443,,,,,,
DLH03K,0 days 05:17:00,-,Media,1014,A20N,LEBL-24L,,,,149.0,05:17:30:742,1574.99782153711,,,
DLH03K,0 days 05:17:00,-,Media,1014,A20N,LEBL-24L,,,,,,,155.0,05:18:18:500,3450.0093457456
VLG593U,0 days 05:18:31,-,Media,1014,A321,LEBL-24L,160.0,05:18:46:766,899.995349412107,,,,,,
VLG593U,0 days 05:18:31,-,Media,1014,A321,LEBL-24L,,,,168.0,05:19:06:633,1524.99598040007,,,
VLG593U,0 days 05:18:31,-,Media,1014,A321,LEBL-24L,,,,,,,251.0,05:20:42:219,3500.05904182218
VLG38HJ,0 days 05:19:47,-,Media,1014,A321,LEBL-24L,153.0,05:19:58:648,849.996789677819,,,,,,
VLG38HJ,0 days 05:19:47,-,Media,1014,A321,LEBL-24L,,,,169.0,05:20:18:539,1524.99666305832,,,
VLG38HJ,0 days 05:19:47,-,Media,1014,A321,LEBL-24L,,,,,,,221.0,05:21:22:195,3575.02706014229
IBE04RC,0 days 05:20:57,-,Media,1014,A320,LEBL-24L,153.0,05:21:10:570,874.995931103919,,,,,,
IBE04RC,0 days 05:20:57,-,Media,1014,A320,LEBL-24L,,,,164.0,05:21:26:508,1474.99435983493,,,
IBE04RC,0 days 05:20:57,-,Media,1014,A320,LEBL-24L,,,,,,,254.0,05:22:54:047,3425.04685709198
EJU14CG,0 days 05:22:03,-,Media,1014,A319,LEBL-24L,,05:22:26:453,974.995430767853,,,,,,
EJU14CG,0 days 05:22:03,-,Media,1014,A319,LEBL-24L,,,,168.0,05:22:42:383,1549.99469065252,,,
EJU14CG,0 days 05:22:03,-,Media,1014,A319,LEBL-24L,,,,,,,211.0,05:23:38:055,3425.01975234395
VLG23TK,0 days 05:23:34,LARPA1C,Media,1014,A321,LEBL-24L,158.0,05:23:50:359,949.996057375814,,,,,,
VLG23TK,0 days 05:23:34,LARPA1C,Media,1014,A321,LEBL-24L,,,,165.0,05:24:06:266,1524.9959035629,,,
VLG23TK,0 days 05:23:34,LARPA1C,Media,1014,A321,LEBL-24L,,,,,,,197.0,05:25:09:906,3525.02405659975
VLG7830,0 days 05:25:00,-,Media,1014,A321,LEBL-24L,162.0,05:25:22:242,924.995120474009,,,,,,
VLG7830,0 days 05:25:00,-,Media,1014,A321,LEBL-24L,,,,175.0,05:25:42:125,1499.99564790769,,,
VLG7830,0 days 05:25:00,-,Media,1014,A321,LEBL-24L,,,,,,,251.0,05:27:01:828,3500.02847247767
VLG6UW,0 days 05:26:10,SENIA1C,Media,1014,A321,LEBL-24L,158.0,05:26:30:156,899.995357735344,,,,,,
VLG6UW,0 days 05:26:10,SENIA1C,Media,1014,A321,LEBL-24L,,,,168.0,05:26:50:039,1524.99571763448,,,
VLG6UW,0 days 05:26:10,SENIA1C,Media,1014,A321,LEBL-24L,,,,,,,229.0,05:28:05:648,3600.03962052464
VLG3BV,0 days 05:27:51,-,Media,1014,A320,LEBL-24L,157.0,05:28:06:031,824.995646565056,,,,,,
VLG3BV,0 days 05:27:51,-,Media,1014,A320,LEBL-24L,,,,182.0,05:28:29:883,1474.99642481975,,,
VLG3BV,0 days 05:27:51,-,Media,1014,A320,LEBL-24L,,,,,,,254.0,05:29:37:617,3400.02699434598
VLG2472,0 days 05:29:07,-,Media,1014,A321,LEBL-24L,163.0,05:29:25:938,874.99469396956,,,,,,
VLG2472,0 days 05:29:07,-,Media,1014,A321,LEBL-24L,,,,172.0,05:29:45:813,1549.99518110632,,,
VLG2472,0 days 05:29:07,-,Media,1014,A321,LEBL-24L,,,,,,,238.0,05:31:01:414,3525.04413454012
VLG3LK,0 days 05:30:43,DUNES1C,Media,1014,A320,LEBL-24L,161.0,05:31:01:797,849.995345431123,,,,,,
VLG3LK,0 days 05:30:43,DUNES1C,Media,1014,A320,LEBL-24L,,,,174.0,05:31:21:695,1524.99491727759,,,
VLG3LK,0 days 05:30:43,DUNES1C,Media,1014,A320,LEBL-24L,,,,,,,214.0,05:32:21:352,3550.0259361632
VLG55PB,0 days 05:32:24,-,Media,1014,A21N,LEBL-24L,151.0,05:32:41:656,899.996171133196,,,,,,
VLG55PB,0 days 05:32:24,-,Media,1014,A21N,LEBL-24L,,,,170.0,05:33:01:516,1474.99766031941,,,
VLG55PB,0 days 05:32:24,-,Media,1014,A21N,LEBL-24L,,,,,,,234.0,05:34:17:164,3500.04142690622
VLG56ND,0 days 05:33:40,-,Media,1014,A319,LEBL-24L,162.0,05:34:01:555,924.995005510056,,,,,,
VLG56ND,0 days 05:33:40,-,Media,1014,A319,LEBL-24L,,,,180.0,05:34:21:438,1524.99579205779,,,
VLG56ND,0 days 05:33:40,-,Media,1014,A319,LEBL-24L,,,,,,,220.0,05:35:17:180,3425.01826295194
VLG1PT,0 days 05:34:50,LARPA1C,Media,1014,A321,LEBL-24L,153.0,05:35:09:469,924.996083048476,,,,,,
VLG1PT,0 days 05:34:50,LARPA1C,Media,1014,A321,LEBL-24L,,,,155.0,05:35:25:359,1549.99654650531,,,
VLG1PT,0 days 05:34:50,LARPA1C,Media,1014,A321,LEBL-24L,,,,,,,221.0,05:36:44:977,3575.03643860064
VLG11TT,0 days 05:36:06,-,Media,1014,A320,LEBL-24L,158.0,05:36:25:383,924.995567670802,,,,,,
VLG11TT,0 days 05:36:06,-,Media,1014,A320,LEBL-24L,,,,168.0,05:36:41:320,1524.99374389056,,,
VLG11TT,0 days 05:36:06,-,Media,1014,A320,LEBL-24L,,,,,,,233.0,05:37:48:977,3575.02151299481
VLG15SY,0 days 05:37:47,SENIA1C,Media,1014,A320,LEBL-24L,164.0,05:38:05:258,924.994837279216,,,,,,
VLG15SY,0 days 05:37:47,SENIA1C,Media,1014,A320,LEBL-24L,,,,174.0,05:38:25:164,1549.9934691166,,,
VLG15SY,0 days 05:37:47,SENIA1C,Media,1014,A320,LEBL-24L,,,,,,,233.0,05:39:36:750,3575.03996581084
VLG7EY,0 days 05:39:18,LOTOS1C,Media,1014,A321,LEBL-24L,163.0,05:39:41:125,924.994937671393,,,,,,
VLG7EY,0 days 05:39:18,LOTOS1C,Media,1014,A321,LEBL-24L,,,,179.0,05:40:04:961,1524.99729620491,,,
VLG7EY,0 days 05:39:18,LOTOS1C,Media,1014,A321,LEBL-24L,,,,,,,229.0,05:41:24:602,3550.05171322652
VLG76GZ,0 days 05:40:44,-,Media,1014,A321,LEBL-24L,177.0,05:40:53:008,974.997107796311,,,,,,
VLG76GZ,0 days 05:40:44,-,Media,1014,A321,LEBL-24L,,,,179.0,05:41:04:961,1599.99596668941,,,
VLG76GZ,0 days 05:40:44,-,Media,1014,A321,LEBL-24L,,,,,,,231.0,05:42:04:656,3475.01572728829
VLG68LT,0 days 05:42:15,OLOXO1C,Media,1014,A321,LEBL-24L,150.0,05:42:28:906,774.996296315708,,,,,,
VLG68LT,0 days 05:42:15,OLOXO1C,Media,1014,A321,LEBL-24L,,,,157.0,05:42:48:797,1474.99615778866,,,
VLG68LT,0 days 05:42:15,OLOXO1C,Media,1014,A321,LEBL-24L,,,,,,,217.0,05:44:08:477,3475.02589636864
VLG5YL,0 days 05:43:25,-,Media,1014,A320,LEBL-24L,166.0,05:43:44:805,924.995485590359,,,,,,
VLG5YL,0 days 05:43:25,-,Media,1014,A320,LEBL-24L,,,,185.0,05:44:08:633,1524.99790984812,,,
VLG5YL,0 days 05:43:25,-,Media,1014,A320,LEBL-24L,,,,,,,226.0,05:45:08:328,3400.03434439714
RYR2SY,0 days 05:44:36,-,Media,"1014,2",B738,LEBL-24L,154.0,05:44:52:703,774.996381879444,,,,,,
RYR2SY,0 days 05:44:36,-,Media,"1014,2",B738,LEBL-24L,,,,171.0,05:45:16:555,1474.99772018316,,,
RYR2SY,0 days 05:44:36,-,Media,"1014,2",B738,LEBL-24L,,,,,,,196.0,05:46:04:352,3400.01365105053
VLG2QW,0 days 05:45:52,-,Media,1014,A320,LEBL-24L,159.0,05:46:08:641,924.994920343537,,,,,,
VLG2QW,0 days 05:45:52,-,Media,1014,A320,LEBL-24L,,,,173.0,05:46:28:539,1549.99379761865,,,
VLG2QW,0 days 05:45:52,-,Media,1014,A320,LEBL-24L,,,,,,,233.0,05:47:40:133,3575.03808750609
VLG3TC,0 days 05:46:58,-,Media,1014,A321,LEBL-24L,152.0,05:47:20:516,824.996016658848,,,,,,
VLG3TC,0 days 05:46:58,-,Media,1014,A321,LEBL-24L,,,,196.0,05:47:56:297,1475.00031455828,,,
VLG3TC,0 days 05:46:58,-,Media,1014,A321,LEBL-24L,,,,,,,232.0,05:48:56:117,3450.02793706837
VLG84ZE,0 days 05:48:34,NATPI1C,Media,1014,A320,LEBL-24L,164.0,05:48:56:422,849.994888086947,,,,,,
VLG84ZE,0 days 05:48:34,NATPI1C,Media,1014,A320,LEBL-24L,,,,179.0,05:49:16:320,1474.99358520552,,,
VLG84ZE,0 days 05:48:34,NATPI1C,Media,1014,A320,LEBL-24L,,,,,,,213.0,05:50:16:016,3400.01910974986
VLG1YW,0 days 05:49:49,-,Media,1014,A320,LEBL-24L,159.0,05:50:08:313,849.995938183739,,,,,,
VLG1YW,0 days 05:49:49,-,Media,1014,A320,LEBL-24L,,,,179.0,05:50:32:172,1499.99639943736,,,
VLG1YW,0 days 05:49:49,-,Media,1014,A320,LEBL-24L,,,,,,,233.0,05:51:35:836,3400.0345011545
VLG6FZ,0 days 05:51:36,-,Media,1014,A320,LEBL-24L,158.0,05:51:52:188,849.995475388515,,,,,,
VLG6FZ,0 days 05:51:36,-,Media,1014,A320,LEBL-24L,,,,166.0,05:52:08:125,1474.9935201871,,,
VLG6FZ,0 days 05:51:36,-,Media,1014,A320,LEBL-24L,,,,,,,214.0,05:53:11:797,3400.01691698623
VLG9VG,0 days 05:52:36,-,Media,1014,A321,LEBL-24L,162.0,05:53:00:063,1074.99549927801,,,,,,
VLG9VG,0 days 05:52:36,-,Media,1014,A321,LEBL-24L,,,,171.0,05:53:15:945,1524.99715259545,,,
VLG9VG,0 days 05:52:36,-,Media,1014,A321,LEBL-24L,,,,,,,228.0,05:54:27:594,3500.0399994221
VLG94PH,0 days 05:54:02,-,Media,1014,A320,LEBL-24L,,05:54:11:984,549.997273057184,,,,,,
VLG94PH,0 days 05:54:02,-,Media,1014,A320,LEBL-24L,,,,175.0,05:54:39:836,1499.99774289467,,,
VLG94PH,0 days 05:54:02,-,Media,1014,A320,LEBL-24L,,,,,,,209.0,05:55:43:516,3600.03147901426
VLG44WK,0 days 05:55:18,OLOXO1C,Media,1014,A321,LEBL-24L,156.0,05:55:35:891,849.995926218321,,,,,,
VLG44WK,0 days 05:55:18,OLOXO1C,Media,1014,A321,LEBL-24L,,,,167.0,05:55:55:773,1474.99601140785,,,
VLG44WK,0 days 05:55:18,OLOXO1C,Media,1014,A321,LEBL-24L,,,,,,,230.0,05:57:11:477,3575.02692681161
VLG2GP,0 days 05:56:28,LARPA1C,Media,1014,A320,LEBL-24L,,05:56:43:797,799.996341143068,,,,,,
VLG2GP,0 days 05:56:28,LARPA1C,Media,1014,A320,LEBL-24L,,,,177.0,05:57:07:688,1499.99525054643,,,
VLG2GP,0 days 05:56:28,LARPA1C,Media,1014,A320,LEBL-24L,,,,,,,213.0,05:58:03:359,3500.02371691774
VLG73LA,0 days 05:57:59,-,Media,1014,A20N,LEBL-24L,150.0,05:58:11:656,799.997453566363,,,,,,
VLG73LA,0 days 05:57:59,-,Media,1014,A20N,LEBL-24L,,,,171.0,05:58:31:531,1474.99835589028,,,
VLG73LA,0 days 05:57:59,-,Media,1014,A20N,LEBL-24L,,,,,,,247.0,05:59:39:203,3475.03363535699
EJU86XG,0 days 05:59:15,-,Media,1014,A319,LEBL-24L,,05:59:35:570,874.995954151709,,,,,,
EJU86XG,0 days 05:59:15,-,Media,1014,A319,LEBL-24L,,,,168.0,05:59:55:461,1524.99615653248,,,
EJU86XG,0 days 05:59:15,-,Media,1014,A319,LEBL-24L,,,,,,,211.0,06:00:51:148,3425.02219132446
BAW47C,0 days 06:00:21,-,Media,1014,A319,LEBL-24L,151.0,06:00:39:492,899.995646207021,,,,,,
BAW47C,0 days 06:00:21,-,Media,1014,A319,LEBL-24L,,,,,06:00:51:430,1424.99543928341,,,
BAW47C,0 days 06:00:21,-,Media,1014,A319,LEBL-24L,,,,,,,144.0,06:01:59:133,3475.0098909633
VLG5RP,0 days 06:02:02,OLOXO1C,Media,1014,A21N,LEBL-24L,155.0,06:02:19:359,824.995917971652,,,,,,
VLG5RP,0 days 06:02:02,OLOXO1C,Media,1014,A21N,LEBL-24L,,,,191.0,06:02:47:195,1499.99774917376,,,
VLG5RP,0 days 06:02:02,OLOXO1C,Media,1014,A21N,LEBL-24L,,,,,,,232.0,06:03:46:961,3575.02643546255
VLG6LC,0 days 06:03:23,DALIN1C,Media,1014,A321,LEBL-24L,157.0,06:03:35:273,849.995691441304,,,,,,
VLG6LC,0 days 06:03:23,DALIN1C,Media,1014,A321,LEBL-24L,,,,180.0,06:03:59:109,1474.99742259381,,,
VLG6LC,0 days 06:03:23,DALIN1C,Media,1014,A321,LEBL-24L,,,,,,,224.0,06:05:06:766,3575.03950769056
VLG91MM,0 days 06:04:28,-,Media,1014,A320,LEBL-24L,160.0,06:04:47:172,774.996085338139,,,,,,
VLG91MM,0 days 06:04:28,-,Media,1014,A320,LEBL-24L,,,,177.0,06:05:07:086,1474.99494149295,,,
VLG91MM,0 days 06:04:28,-,Media,1014,A320,LEBL-24L,,,,,,,212.0,06:06:02:805,3500.0153063749
DLH98Y,0 days 06:05:39,AGENA1C,Media,1014,A320,LEBL-24L,158.0,06:05:55:094,799.995746578528,,,,,,
DLH98Y,0 days 06:05:39,AGENA1C,Media,1014,A320,LEBL-24L,,,,171.0,06:06:14:969,1499.99604079261,,,
DLH98Y,0 days 06:05:39,AGENA1C,Media,1014,A320,LEBL-24L,,,,,,,212.0,06:07:22:609,3425.03261352412
DLH97F,0 days 06:07:05,-,Media,1014,A321,LEBL-24L,159.0,06:07:18:969,799.996407539525,,,,,,
DLH97F,0 days 06:07:05,-,Media,1014,A321,LEBL-24L,,,,167.0,06:07:34:867,1449.99650631677,,,
DLH97F,0 days 06:07:05,-,Media,1014,A321,LEBL-24L,,,,,,,205.0,06:08:38:531,3425.02517233595
THY1852,0 days 06:08:30,DIPES1C,Media,1014,B738,LEBL-24L,174.0,06:08:50:883,849.994366216293,,,,,,
THY1852,0 days 06:08:30,DIPES1C,Media,1014,B738,LEBL-24L,,,,172.0,06:09:06:781,1599.99403626665,,,
THY1852,0 days 06:08:30,DIPES1C,Media,1014,B738,LEBL-24L,,,,,,,175.0,06:09:58:469,3500.01477640406
VLG700D,0 days 06:10:27,-,Media,1014,A320,LEBL-24L,158.0,06:10:38:711,874.996724283392,,,,,,
VLG700D,0 days 06:10:27,-,Media,1014,A320,LEBL-24L,,,,170.0,06:10:54:617,1499.99666117935,,,
VLG700D,0 days 06:10:27,-,Media,1014,A320,LEBL-24L,,,,,,,211.0,06:11:46:305,3475.01859624163
VLG6ZP,0 days 06:12:08,OLOXO1C,Media,1014,A20N,LEBL-24L,151.0,06:12:18:586,799.99687377832,,,,,,
VLG6ZP,0 days 06:12:08,OLOXO1C,Media,1014,A20N,LEBL-24L,,,,168.0,06:12:38:477,1524.99682636671,,,
VLG6ZP,0 days 06:12:08,OLOXO1C,Media,1014,A20N,LEBL-24L,,,,,,,225.0,06:13:38:211,3550.01730772204
NSZ3DA,0 days 06:13:13,-,Media,"1014,2",B738,LEBL-24L,174.0,06:13:42:484,924.993886789332,,,,,,
NSZ3DA,0 days 06:13:13,-,Media,"1014,2",B738,LEBL-24L,,,,189.0,06:14:06:313,1499.99756608087,,,
NSZ3DA,0 days 06:13:13,-,Media,"1014,2",B738,LEBL-24L,,,,,,,212.0,06:15:13:984,3525.04432840678
VLG8VX,0 days 06:14:39,-,Media,1014,A320,LEBL-24L,158.0,06:14:58:391,924.995385286792,,,,,,
VLG8VX,0 days 06:14:39,-,Media,1014,A320,LEBL-24L,,,,173.0,06:15:18:266,1499.99627128273,,,
VLG8VX,0 days 06:14:39,-,Media,1014,A320,LEBL-24L,,,,,,,200.0,06:16:21:922,3425.02987452512
IBE04GZ,0 days 06:15:45,-,Media,1014,A320,LEBL-24L,155.0,06:16:02:313,774.995890924545,,,,,,
IBE04GZ,0 days 06:15:45,-,Media,1014,A320,LEBL-24L,,,,164.0,06:16:22:203,1474.99555176287,,,
IBE04GZ,0 days 06:15:45,-,Media,1014,A320,LEBL-24L,,,,,,,252.0,06:17:45:789,3450.05211950756
NSZ5528,0 days 06:17:05,-,Media,"1014,2",B738,LEBL-24L,176.0,06:17:30:188,924.994109958428,,,,,,
NSZ5528,0 days 06:17:05,-,Media,"1014,2",B738,LEBL-24L,,,,200.0,06:17:54:039,1549.99600393962,,,
NSZ5528,0 days 06:17:05,-,Media,"1014,2",B738,LEBL-24L,,,,,,,220.0,06:18:45:805,3575.02310240928
VLG5WG,0 days 06:20:12,-,Media,1014,A20N,LEBL-24L,144.0,06:20:25:953,874.996574679005,,,,,,
VLG5WG,0 days 06:20:12,-,Media,1014,A20N,LEBL-24L,,,,170.0,06:20:49:813,1549.99770344754,,,
VLG5WG,0 days 06:20:12,-,Media,1014,A20N,LEBL-24L,,,,,,,208.0,06:21:41:594,3450.01483798233
VLG45PN,0 days 06:21:38,-,Media,1014,A320,LEBL-24L,159.0,06:22:01:859,924.99490976227,,,,,,
VLG45PN,0 days 06:21:38,-,Media,1014,A320,LEBL-24L,,,,180.0,06:22:25:719,1524.99537346373,,,
VLG45PN,0 days 06:21:38,-,Media,1014,A320,LEBL-24L,,,,,,,232.0,06:23:33:352,3550.04003914962
VLG65MT,0 days 06:23:04,LOBAR1C,Media,1014,A320,LEBL-24L,160.0,06:23:25:742,874.995182226435,,,,,,
VLG65MT,0 days 06:23:04,LOBAR1C,Media,1014,A320,LEBL-24L,,,,172.0,06:23:45:633,1474.99479170523,,,
VLG65MT,0 days 06:23:04,LOBAR1C,Media,1014,A320,LEBL-24L,,,,,,,228.0,06:24:57:328,3425.02718671219
IBE2601,0 days 06:25:25,LOTOS1C,Pesada,1014,A332,LEBL-24L,163.0,06:25:49:555,874.994384698956,,,,,,
IBE2601,0 days 06:25:25,LOTOS1C,Pesada,1014,A332,LEBL-24L,,,,155.0,06:26:05:445,1549.99534863744,,,
IBE2601,0 days 06:25:25,LOTOS1C,Pesada,1014,A332,LEBL-24L,,,,,,,195.0,06:28:36:977,3500.07758083444
VLG93DX,0 days 06:27:46,LARPA1C,Media,1014,A320,LEBL-24L,156.0,06:28:01:398,799.995666392507,,,,,,
VLG93DX,0 days 06:27:46,LARPA1C,Media,1014,A320,LEBL-24L,,,,169.0,06:28:25:273,1524.99541538547,,,
VLG93DX,0 days 06:27:46,LARPA1C,Media,1014,A320,LEBL-24L,,,,,,,212.0,06:29:28:922,3500.02995092786
SWT7TN,0 days 06:29:12,LARPA1C,Media,1014,AT72,LEBL-24L,135.0,06:29:29:219,849.9974384809,,,,,,
SWT7TN,0 days 06:29:12,LARPA1C,Media,1014,AT72,LEBL-24L,,,,170.0,06:30:04:977,1450.0041454721,,,
SWT7TN,0 days 06:29:12,LARPA1C,Media,1014,AT72,LEBL-24L,,,,,,,170.0,06:31:32:727,3525.04980207511
EJU37TW,0 days 06:31:18,NATPI1C,Media,1015,A319,LEBL-24L,159.0,06:31:37:117,774.995007240558,,,,,,
EJU37TW,0 days 06:31:18,NATPI1C,Media,1015,A319,LEBL-24L,,,,173.0,06:31:57:023,1449.9942082538,,,
EJU37TW,0 days 06:31:18,NATPI1C,Media,1015,A319,LEBL-24L,,,,,,,210.0,06:32:52:750,3450.01465021449
VLG92CD,0 days 06:33:09,NATPI1C,Media,1015,A320,LEBL-24L,162.0,06:33:28:969,824.995387664705,,,,,,
VLG92CD,0 days 06:33:09,NATPI1C,Media,1015,A320,LEBL-24L,,,,190.0,06:34:00:781,1499.99778167839,,,
VLG92CD,0 days 06:33:09,NATPI1C,Media,1015,A320,LEBL-24L,,,,,,,229.0,06:35:04:563,3450.0280708971
VLG2974,0 days 06:34:25,NATPI1C,Media,1015,A20N,LEBL-24L,149.0,06:34:40:859,899.996483700707,,,,,,
VLG2974,0 days 06:34:25,NATPI1C,Media,1015,A20N,LEBL-24L,,,,169.0,06:35:00:742,1549.99707362229,,,
VLG2974,0 days 06:34:25,NATPI1C,Media,1015,A20N,LEBL-24L,,,,,,,221.0,06:36:00:492,3550.01852694494
TVF32PR,0 days 06:43:59,OLOXO1C,Media,"1014,2",B738,LEBL-24L,168.0,06:44:20:148,874.995167168831,,,,,,
TVF32PR,0 days 06:43:59,OLOXO1C,Media,"1014,2",B738,LEBL-24L,,,,167.0,06:44:32:109,1424.99357866096,,,
TVF32PR,0 days 06:43:59,OLOXO1C,Media,"1014,2",B738,LEBL-24L,,,,,,,213.0,06:45:31:781,3450.01362943542
VLG21PG,0 days 06:46:05,LOTOS1C,Media,1015,A20N,LEBL-24L,155.0,06:46:23:977,824.996086776929,,,,,,
VLG21PG,0 days 06:46:05,LOTOS1C,Media,1015,A20N,LEBL-24L,,,,177.0,06:46:47:820,1524.99766960172,,,
VLG21PG,0 days 06:46:05,LOTOS1C,Media,1015,A20N,LEBL-24L,,,,,,,225.0,06:47:47:516,3525.02942331571
AEA38LZ,0 days 06:48:42,LARPA1C,Media,1014,B738,LEBL-24L,164.0,06:48:59:781,849.994493240385,,,,,,
AEA38LZ,0 days 06:48:42,LARPA1C,Media,1014,B738,LEBL-24L,,,,161.0,06:49:15:688,1474.99471687554,,,
AEA38LZ,0 days 06:48:42,LARPA1C,Media,1014,B738,LEBL-24L,,,,,,,215.0,06:50:35:281,3550.03836191339
RYR2889,0 days 06:50:43,LARPA1C,Media,"1015,2",B738,LEBL-24L,164.0,06:51:07:602,874.994898441926,,,,,,
RYR2889,0 days 06:50:43,LARPA1C,Media,"1015,2",B738,LEBL-24L,,,,186.0,06:51:31:430,1499.99830569096,,,
RYR2889,0 days 06:50:43,LARPA1C,Media,"1015,2",B738,LEBL-24L,,,,,,,205.0,06:52:27:156,3425.03070169114
VLG200Z,0 days 06:52:34,LARPA1C,Media,1015,A320,LEBL-24L,159.0,06:52:51:492,774.995866813434,,,,,,
VLG200Z,0 days 06:52:34,LARPA1C,Media,1015,A320,LEBL-24L,,,,177.0,06:53:19:352,1524.99556118268,,,
VLG200Z,0 days 06:52:34,LARPA1C,Media,1015,A320,LEBL-24L,,,,,,,220.0,06:54:23:008,3525.03324008535
VLG57RJ,0 days 06:53:49,DIPES1C,Media,1015,A320,LEBL-24L,156.0,06:54:07:383,924.995452376852,,,,,,
VLG57RJ,0 days 06:53:49,DIPES1C,Media,1015,A320,LEBL-24L,,,,184.0,06:54:35:188,1524.99893850127,,,
VLG57RJ,0 days 06:53:49,DIPES1C,Media,1015,A320,LEBL-24L,,,,,,,209.0,06:55:30:914,3425.03204832007
RYR63PB,0 days 06:55:15,LOTOS1C,Media,1015,B738,LEBL-24L,171.0,06:55:39:273,924.994538042941,,,,,,
RYR63PB,0 days 06:55:15,LOTOS1C,Media,1015,B738,LEBL-24L,,,,172.0,06:55:51:219,1449.99348376242,,,
RYR63PB,0 days 06:55:15,LOTOS1C,Media,1015,B738,LEBL-24L,,,,,,,213.0,06:56:58:820,3450.02886205382
EWG81R,0 days 06:56:56,-,Media,1015,A320,LEBL-24L,156.0,06:57:07:156,774.996409061354,,,,,,
EWG81R,0 days 06:56:56,-,Media,1015,A320,LEBL-24L,,,,170.0,06:57:31:000,1499.99729229402,,,
EWG81R,0 days 06:56:56,-,Media,1015,A320,LEBL-24L,,,,,,,211.0,06:58:34:680,3475.03077538993
RYR4WX,0 days 07:03:55,OLOXO1C,Media,1014,B38M,LEBL-24L,162.0,07:04:18:625,849.993583700585,,,,,,
RYR4WX,0 days 07:03:55,OLOXO1C,Media,1014,B38M,LEBL-24L,,,,192.0,07:04:50:422,1499.99734463814,,,
RYR4WX,0 days 07:03:55,OLOXO1C,Media,1014,B38M,LEBL-24L,,,,,,,211.0,07:05:58:188,3550.02951664334
VLG5FN,0 days 07:05:36,NATPI1C,Media,1014,A320,LEBL-24L,159.0,07:05:50:500,874.995758763404,,,,,,
VLG5FN,0 days 07:05:36,NATPI1C,Media,1014,A320,LEBL-24L,,,,175.0,07:06:14:375,1499.99481275453,,,
VLG5FN,0 days 07:05:36,NATPI1C,Media,1014,A320,LEBL-24L,,,,,,,225.0,07:07:26:070,3575.02736788208
VLG6VG,0 days 07:07:17,DUNES1C,Media,1014,A320,LEBL-24L,157.0,07:07:30:367,899.995483726671,,,,,,
VLG6VG,0 days 07:07:17,DUNES1C,Media,1014,A320,LEBL-24L,,,,168.0,07:07:50:266,1474.99515442911,,,
VLG6VG,0 days 07:07:17,DUNES1C,Media,1014,A320,LEBL-24L,,,,,,,225.0,07:08:57:883,3450.03313308768
IBE04YC,0 days 07:11:34,-,Media,1014,A20N,LEBL-24L,147.0,07:11:46:008,774.997293787273,,,,,,
IBE04YC,0 days 07:11:34,-,Media,1014,A20N,LEBL-24L,,,,150.0,07:12:05:883,1499.99796507683,,,
IBE04YC,0 days 07:11:34,-,Media,1014,A20N,LEBL-24L,,,,,,,241.0,07:13:25:523,3525.03769806816
VLG8QR,0 days 07:13:15,LOTOS1C,Media,1014,A320,LEBL-24L,159.0,07:13:33:898,924.995305534655,,,,,,
VLG8QR,0 days 07:13:15,LOTOS1C,Media,1014,A320,LEBL-24L,,,,168.0,07:13:53:781,1474.99524884774,,,
VLG8QR,0 days 07:13:15,LOTOS1C,Media,1014,A320,LEBL-24L,,,,,,,230.0,07:15:05:398,3575.03833910069
VLG9FC,0 days 07:14:31,GRAUS1C,Media,1015,A320,LEBL-24L,161.0,07:14:45:805,849.995272966402,,,,,,
VLG9FC,0 days 07:14:31,GRAUS1C,Media,1015,A320,LEBL-24L,,,,180.0,07:15:09:688,1474.99439351593,,,
VLG9FC,0 days 07:14:31,GRAUS1C,Media,1015,A320,LEBL-24L,,,,,,,211.0,07:16:09:406,3450.02064348017
WMT182,0 days 07:16:12,-,Media,1014,A321,LEBL-24L,163.0,07:16:29:680,924.994566911497,,,,,,
WMT182,0 days 07:16:12,-,Media,1014,A321,LEBL-24L,,,,157.0,07:16:41:648,1449.99275684802,,,
WMT182,0 days 07:16:12,-,Media,1014,A321,LEBL-24L,,,,,,,159.0,07:17:53:250,3475.01865837258
NJE838T,0 days 07:17:43,-,Media,"1015,2",C56X,LEBL-24L,170.0,07:17:45:516,949.998054919191,,,,,,
NJE838T,0 days 07:17:43,-,Media,"1015,2",C56X,LEBL-24L,,,,176.0,07:17:57:477,1549.99718469657,,,
NJE838T,0 days 07:17:43,-,Media,"1015,2",C56X,LEBL-24L,,,,,,,192.0,07:18:37:195,3600.01018826759
TRA3T,0 days 07:22:31,OLOXO1C,Media,"1014,2",B738,LEBL-24L,164.0,07:22:49:164,899.995490131041,,,,,,
TRA3T,0 days 07:22:31,OLOXO1C,Media,"1014,2",B738,LEBL-24L,,,,184.0,07:23:13:023,1499.99685408963,,,
TRA3T,0 days 07:22:31,OLOXO1C,Media,"1014,2",B738,LEBL-24L,,,,,,,209.0,07:24:08:789,3575.02075243607
QTR138,0 days 07:23:57,DIPES1C,Pesada,1015,B789,LEBL-24L,174.0,07:24:21:086,824.993224264628,,,,,,
QTR138,0 days 07:23:57,DIPES1C,Pesada,1015,B789,LEBL-24L,,,,171.0,07:24:44:969,1549.99203704309,,,
QTR138,0 days 07:23:57,DIPES1C,Pesada,1015,B789,LEBL-24L,,,,,,,191.0,07:26:04:555,3500.03759646618
BTX6F,0 days 07:26:38,-,Media,"1014,2",FA7X,LEBL-24L,137.0,07:26:40:828,824.99837391947,,,,,,
BTX6F,0 days 07:26:38,-,Media,"1014,2",FA7X,LEBL-24L,,,,129.0,07:26:52:789,1449.99784456747,,,
BTX6F,0 days 07:26:38,-,Media,"1014,2",FA7X,LEBL-24L,,,,,,,207.0,07:27:52:453,3500.01523374519
RYR23VU,0 days 07:28:25,-,Media,1015,B738,LEBL-24L,165.0,07:28:44:734,849.994127079048,,,,,,
RYR23VU,0 days 07:28:25,-,Media,1015,B738,LEBL-24L,,,,170.0,07:29:04:641,1524.99331308052,,,
RYR23VU,0 days 07:28:25,-,Media,1015,B738,LEBL-24L,,,,,,,208.0,07:30:16:234,3525.03617054326
RYR98RR,0 days 07:29:46,DIPES1C,Media,"1015,2",B738,LEBL-24L,168.0,07:30:04:609,849.995315655077,,,,,,
RYR98RR,0 days 07:29:46,DIPES1C,Media,"1015,2",B738,LEBL-24L,,,,201.0,07:30:32:422,1549.99866996974,,,
RYR98RR,0 days 07:29:46,DIPES1C,Media,"1015,2",B738,LEBL-24L,,,,,,,216.0,07:31:24:156,3450.03171003101
LHX06E,0 days 07:31:17,-,Media,1015,A20N,LEBL-24L,151.0,07:31:32:477,924.996555648865,,,,,,
LHX06E,0 days 07:31:17,-,Media,1015,A20N,LEBL-24L,,,,175.0,07:31:56:313,1549.99896794103,,,
LHX06E,0 days 07:31:17,-,Media,1015,A20N,LEBL-24L,,,,,,,248.0,07:32:52:039,3425.03062798894
ANE53GX,0 days 07:32:43,-,Media,1015,CRJX,LEBL-24L,162.0,07:33:00:406,874.994527180926,,,,,,
ANE53GX,0 days 07:32:43,-,Media,1015,CRJX,LEBL-24L,,,,161.0,07:33:16:359,1449.99208558381,,,
ANE53GX,0 days 07:32:43,-,Media,1015,CRJX,LEBL-24L,,,,,,,202.0,07:34:24:008,3550.01647109307
VLG7CV,0 days 07:34:39,-,Media,1015,A320,LEBL-24L,162.0,07:34:56:242,874.995485150723,,,,,,
VLG7CV,0 days 07:34:39,-,Media,1015,A320,LEBL-24L,,,,170.0,07:35:16:117,1499.99623608314,,,
VLG7CV,0 days 07:34:39,-,Media,1015,A320,LEBL-24L,,,,,,,230.0,07:36:23:758,3450.03611750607
RYR26UP,0 days 07:37:51,-,Media,1015,B738,LEBL-24L,170.0,07:38:07:992,849.995596121291,,,,,,
RYR26UP,0 days 07:37:51,-,Media,1015,B738,LEBL-24L,,,,194.0,07:38:31:852,1549.996168733,,,
RYR26UP,0 days 07:37:51,-,Media,1015,B738,LEBL-24L,,,,,,,222.0,07:39:27:609,3525.02092438278
RYR97BB,0 days 07:39:27,-,Media,1015,B738,LEBL-24L,172.0,07:39:43:875,824.994962079608,,,,,,
RYR97BB,0 days 07:39:27,-,Media,1015,B738,LEBL-24L,,,,207.0,07:40:11:688,1524.99757758778,,,
RYR97BB,0 days 07:39:27,-,Media,1015,B738,LEBL-24L,,,,,,,212.0,07:40:59:430,3475.02726516537
KLM1498,0 days 07:40:43,-,Media,"1015,2",E190,LEBL-24L,158.0,07:41:19:766,824.993852015174,,,,,,
KLM1498,0 days 07:40:43,-,Media,"1015,2",E190,LEBL-24L,,,,157.0,07:41:43:617,1549.99527667994,,,
KLM1498,0 days 07:40:43,-,Media,"1015,2",E190,LEBL-24L,,,,,,,208.0,07:43:19:305,3525.02995388848
WMT95Z,0 days 07:42:24,-,Media,1014,A21N,LEBL-24L,168.0,07:42:47:641,899.995006842442,,,,,,
WMT95Z,0 days 07:42:24,-,Media,1014,A21N,LEBL-24L,,,,180.0,07:43:07:547,1524.99371412979,,,
WMT95Z,0 days 07:42:24,-,Media,1014,A21N,LEBL-24L,,,,,,,250.0,07:44:19:133,3525.04197810052
IBE04LK,0 days 07:44:31,-,Media,1015,A20N,LEBL-24L,150.0,07:44:43:461,949.996819712865,,,,,,
IBE04LK,0 days 07:44:31,-,Media,1015,A20N,LEBL-24L,,,,153.0,07:44:59:359,1524.99746600629,,,
IBE04LK,0 days 07:44:31,-,Media,1015,A20N,LEBL-24L,,,,,,,215.0,07:46:03:023,3450.02456757496
DAL251,0 days 07:46:17,-,Pesada,1015,A339,LEBL-24L,159.0,07:46:31:352,824.99542832757,,,,,,
DAL251,0 days 07:46:17,-,Pesada,1015,A339,LEBL-24L,,,,158.0,07:46:47:297,1474.99365220086,,,
DAL251,0 days 07:46:17,-,Pesada,1015,A339,LEBL-24L,,,,,,,189.0,07:48:30:891,3500.02957107474
WZZ17JZ,0 days 07:50:45,-,Media,1014,A21N,LEBL-24L,160.0,07:51:15:000,874.99259006963,,,,,,
WZZ17JZ,0 days 07:50:45,-,Media,1014,A21N,LEBL-24L,,,,178.0,07:51:42:820,1524.99561516455,,,
WZZ17JZ,0 days 07:50:45,-,Media,1014,A21N,LEBL-24L,,,,,,,238.0,07:52:54:453,3475.0499206816
WZZ521,0 days 07:52:11,-,Media,1015,A21N,LEBL-24L,171.0,07:52:26:891,774.995675944244,,,,,,
WZZ521,0 days 07:52:11,-,Media,1015,A21N,LEBL-24L,,,,179.0,07:52:46:805,1474.99359410014,,,
WZZ521,0 days 07:52:11,-,Media,1015,A21N,LEBL-24L,,,,,,,231.0,07:53:54:406,3550.03412554136
AEA68NT,0 days 07:53:57,LARPA1C,Media,1015,B738,LEBL-24L,160.0,07:54:14:742,799.994931863747,,,,,,
AEA68NT,0 days 07:53:57,LARPA1C,Media,1015,B738,LEBL-24L,,,,156.0,07:54:34:625,1574.99556122204,,,
AEA68NT,0 days 07:53:57,LARPA1C,Media,1015,B738,LEBL-24L,,,,,,,213.0,07:55:46:258,3425.03446640388
RYR2VW,0 days 07:55:18,-,Media,1015,B738,LEBL-24L,176.0,07:55:38:664,774.993742139021,,,,,,
RYR2VW,0 days 07:55:18,-,Media,1015,B738,LEBL-24L,,,,174.0,07:55:54:617,1474.99045062052,,,
RYR2VW,0 days 07:55:18,-,Media,1015,B738,LEBL-24L,,,,,,,223.0,07:57:06:164,3550.03163715002
VLG7KT,0 days 07:59:46,-,Media,1015,A320,LEBL-24L,162.0,08:00:02:305,874.994803772739,,,,,,
VLG7KT,0 days 07:59:46,-,Media,1015,A320,LEBL-24L,,,,170.0,08:00:22:195,1474.99431431073,,,
VLG7KT,0 days 07:59:46,-,Media,1015,A320,LEBL-24L,,,,,,,216.0,08:00:57:961,2125.00810486247
