id_preceding,id_following,callsign_preceding,callsign_following,wake_cat_preceding,wake_cat_following,runway_preceding,runway_following,sid_preceding,sid_following,distance_twr_nm,time_twr,distance_tma_nm,time_tma,ac_type_preceding,ac_type_following,proc_preceding,proc_following,engine_group_preceding,engine_group_following,malformed_engine_group,same_runway,same_sid,loa_min_required_nm,twr_ok,tma_ok,loa_ok,reason
544,545,RYR82GJ,RYR1FB,Media,Media,LEBL-06R,LEBL-06R,-,-,10.85310124148214,04:01:27:438,,,B738,B38M,-,-,HP,HP,False,True,False,3,True,True,True,
545,546,RYR1FB,VLG6152,Media,Media,LEBL-06R,LEBL-06R,-,-,8.012154507330663,04:03:55:219,8.13377068309174,04:03:59:203,B38M,A320,-,-,HP,HP,False,True,False,3,True,True,True,
546,547,VLG6152,VLG9YD,Media,Media,LEBL-06R,LEBL-06R,-,-,5.522499479852279,04:05:43:094,5.611294290151965,04:05:47:086,A320,A320,-,-,HP,HP,False,True,False,3,True,True,True,
547,548,VLG9YD,RYR28RR,Media,Media,LEBL-06R,LEBL-06R,-,-,5.931789784264679,04:07:34:945,6.0444215244474035,04:07:38:938,A320,B738,-,-,HP,HP,False,True,False,3,True,True,True,
548,549,RYR28RR,RYR91MD,Media,Media,LEBL-06R,LEBL-06R,-,-,7.2964577715891545,,,,B738,B738,-,-,HP,HP,False,True,False,3,True,True,True,
549,550,RYR91MD,RYR699N,Media,Media,LEBL-06R,LEBL-06R,-,-,4.817247737828315,04:10:46:688,4.921786250496214,04:10:50:680,B738,B738,-,-,HP,HP,False,True,False,3,True,True,True,
550,551,RYR699N,VLG53PC,Media,Media,LEBL-06R,LEBL-06R,-,-,3.7980379482987323,04:12:02:594,3.901689986946284,04:12:06:586,B738,A320,-,-,HP,HP,False,True,False,3,True,True,True,
551,552,VLG53PC,SWR7YT,Media,Media,LEBL-06R,LEBL-06R,-,-,4.975500237117856,04:13:42:461,5.076228816990706,04:13:46:453,A320,A320,-,-,HP,HP,False,True,False,3,True,True,True,
552,553,SWR7YT,RYR32FE,Media,Media,LEBL-06R,LEBL-06R,-,-,5.034787061872285,04:15:22:336,5.165063763742974,04:15:26:328,A320,B738,-,-,HP,HP,False,True,False,3,True,True,True,
553,554,RYR32FE,RYR57ZC,Media,Media,LEBL-06R,LEBL-06R,-,LARPA4R,4.673986137404997,04:16:58:195,4.781552823419622,04:17:02:188,B738,B738,-,LARPA4R,HP,HP,False,True,False,3,True,True,True,
554,555,RYR57ZC,VLG1510,Media,Media,LEBL-06R,LEBL-06R,LARPA4R,-,3.8595357283207474,04:18:18:094,3.940625455934321,04:18:22:086,B738,A320,LARPA4R,-,HP,HP,False,True,False,3,True,True,True,
556,557,VLG8FU,RYR73JP,Media,Media,LEBL-06R,LEBL-06R,-,-,5.0880362580877465,04:22:53:719,5.208022121950959,04:22:57:711,A320,B738,-,-,HP,HP,False,True,False,3,True,True,True,
557,558,RYR73JP,ITY075,Media,Media,LEBL-06R,LEBL-06R,-,-,5.379041263034491,04:24:37:586,5.496928522158092,04:24:41:578,B738,A20N,-,-,HP,HP,False,True,False,3,True,True,True,
558,559,ITY075,RYR2A,Media,Media,LEBL-06R,LEBL-06R,-,DUNES4R,4.20447774734677,04:26:09:469,4.308142586828203,04:26:13:461,A20N,B738,-,DUNES4R,HP,HP,False,True,False,3,True,True,True,
559,560,RYR2A,TVF32ER,Media,Media,LEBL-06R,LEBL-06R,DUNES4R,-,6.320825345941258,,,,B738,A20N,DUNES4R,-,HP,HP,False,True,False,3,True,True,True,
560,561,TVF32ER,VLG911N,Media,Media,LEBL-06R,LEBL-06R,-,-,4.854588675543095,04:29:25:203,4.957556045535708,04:29:29:195,A20N,A320,-,-,HP,HP,False,True,False,3,True,True,True,
561,562,VLG911N,TAP1041,Media,Media,LEBL-06R,LEBL-06R,-,-,3.9923841719857958,04:30:49:086,4.098237597704323,04:30:53:078,A320,A320,-,-,HP,HP,False,True,False,3,True,True,True,
562,563,TAP1041,RYR2VR,Media,Media,LEBL-06R,LEBL-06R,-,-,6.34686314268283,,,,A320,B738,-,-,HP,HP,False,True,False,3,True,True,True,
563,564,RYR2VR,RYR81RY,Media,Media,LEBL-06R,LEBL-06R,-,-,6.680737402600565,04:34:32:773,6.8097046623622965,04:34:36:766,B738,B38M,-,-,HP,HP,False,True,False,3,True,True,True,
564,565,RYR81RY,KLM73T,Media,Media,LEBL-06R,LEBL-06R,-,-,3.987323966551327,04:35:56:688,4.07623887232034,04:36:00:688,B38M,B738,-,-,HP,HP,False,True,False,3,True,True,True,
565,566,KLM73T,AFR32SN,Media,Media,LEBL-06R,LEBL-06R,-,OLOXO1R,5.623248238581482,04:37:44:531,5.724433250502051,04:37:48:531,B738,A320,-,OLOXO1R,HP,HP,False,True,False,3,True,True,True,
566,567,AFR32SN,VLG8SJ,Media,Media,LEBL-06R,LEBL-06R,OLOXO1R,-,6.717689677908054,04:40:04:344,6.825517152824388,04:40:08:336,A320,A320,OLOXO1R,-,HP,HP,False,True,False,3,True,True,True,
572,573,VLG1265,VLG73QE,Media,Media,LEBL-24L,LEBL-24L,OLOXO1C,GRAUS1C,9.423810380675667,05:08:59:313,,,A320,A321,OLOXO1C,GRAUS1C,HP,HP,False,True,True,5,True,True,True,
573,574,VLG73QE,VLG6001,Media,Media,LEBL-24L,LEBL-24L,GRAUS1C,-,6.062581653549494,05:12:07:070,6.118672046604098,05:12:11:070,A321,A319,GRAUS1C,-,HP,HP,False,True,False,3,True,True,True,
575,576,VLG4SW,VLG4VF,Media,Media,LEBL-24L,LEBL-24L,DIPES1C,-,4.286181944098159,05:15:14:727,4.403660379152502,05:15:18:711,A321,A321,DIPES1C,-,HP,HP,False,True,False,3,True,True,True,
576,577,VLG4VF,DLH03K,Media,Media,LEBL-24L,LEBL-24L,-,-,4.436086403148738,05:16:50:586,4.579686670342399,05:16:54:563,A321,A20N,-,-,HP,HP,False,True,False,3,True,True,True,
577,578,DLH03K,VLG593U,Media,Media,LEBL-24L,LEBL-24L,-,-,3.2542330293532453,05:18:14:508,3.3193607061720454,05:18:18:500,A20N,A321,-,-,HP,HP,False,True,False,3,True,True,True,
578,579,VLG593U,VLG38HJ,Media,Media,LEBL-24L,LEBL-24L,-,-,5.432518966134518,,,,A321,A321,-,-,HP,HP,False,True,False,3,True,True,True,
579,580,VLG38HJ,IBE04RC,Media,Media,LEBL-24L,LEBL-24L,-,-,2.841282141366866,05:20:42:375,2.921698258883214,05:20:46:344,A321,A320,-,-,HP,HP,False,True,False,3,False,True,False,TWR 2.8 < 3
580,581,IBE04RC,EJU14CG,Media,Media,LEBL-24L,LEBL-24L,-,-,2.912293644084692,05:21:50:344,2.965283730145043,05:21:54:320,A320,A319,-,-,HP,HP,False,True,False,3,False,True,False,TWR 2.9 < 3
581,582,EJU14CG,VLG23TK,Media,Media,LEBL-24L,LEBL-24L,-,LARPA1C,3.9191781417153426,05:23:22:125,4.013805703309365,05:23:26:109,A319,A321,-,LARPA1C,HP,HP,False,True,False,3,True,True,True,
582,583,VLG23TK,VLG7830,Media,Media,LEBL-24L,LEBL-24L,LARPA1C,-,3.976423863656191,05:24:53:961,4.080770383291489,05:24:57:953,A321,A321,LARPA1C,-,HP,HP,False,True,False,3,True,True,True,
583,584,VLG7830,VLG6UW,Media,Media,LEBL-24L,LEBL-24L,-,SENIA1C,2.9807270125209047,05:25:58:023,3.0505800579964277,05:26:02:000,A321,A321,-,SENIA1C,HP,HP,False,True,False,3,False,True,False,TWR 3.0 < 3
584,585,VLG6UW,VLG3BV,Media,Media,LEBL-24L,LEBL-24L,SENIA1C,-,4.360395694141589,05:27:37:750,4.49021451353848,05:27:41:734,A321,A320,SENIA1C,-,HP,HP,False,True,False,3,True,True,True,
585,586,VLG3BV,VLG2472,Media,Media,LEBL-24L,LEBL-24L,-,-,3.484929652603436,,,,A320,A321,-,-,HP,HP,False,True,False,3,True,True,True,
586,587,VLG2472,VLG3LK,Media,Media,LEBL-24L,LEBL-24L,-,DUNES1C,4.24661297876291,,,,A321,A320,-,DUNES1C,HP,HP,False,True,False,3,True,True,True,
587,588,VLG3LK,VLG55PB,Media,Media,LEBL-24L,LEBL-24L,DUNES1C,-,4.808794157192018,05:32:13:391,4.931632871703125,05:32:17:367,A320,A21N,DUNES1C,-,HP,HP,False,True,False,3,True,True,True,
588,589,VLG55PB,VLG56ND,Media,Media,LEBL-24L,LEBL-24L,-,-,3.128512126378837,05:33:25:359,3.2308910542397022,05:33:29:336,A21N,A319,-,-,HP,HP,False,True,False,3,True,True,True,
589,590,VLG56ND,VLG1PT,Media,Media,LEBL-24L,LEBL-24L,-,LARPA1C,4.825766354456162,,,,A319,A321,-,LARPA1C,HP,HP,False,True,False,3,True,True,True,
590,591,VLG1PT,VLG11TT,Media,Media,LEBL-24L,LEBL-24L,LARPA1C,-,3.023970695704059,05:35:53:188,3.0942842607485224,05:35:57:164,A321,A320,LARPA1C,-,HP,HP,False,True,False,3,True,True,True,
591,592,VLG11TT,VLG15SY,Media,Media,LEBL-24L,LEBL-24L,-,SENIA1C,4.650064897247636,05:37:33:031,4.786403327634437,05:37:37:016,A320,A320,-,SENIA1C,HP,HP,False,True,False,3,True,True,True,
592,593,VLG15SY,VLG7EY,Media,Media,LEBL-24L,LEBL-24L,SENIA1C,LOTOS1C,4.366940075969639,05:39:08:867,4.495696760125307,05:39:12:852,A320,A321,SENIA1C,LOTOS1C,HP,HP,False,True,True,5,False,True,False,TWR 4.4 < 5
593,594,VLG7EY,VLG76GZ,Media,Media,LEBL-24L,LEBL-24L,LOTOS1C,-,4.660837801755148,,,,A321,A321,LOTOS1C,-,HP,HP,False,True,False,3,True,True,True,
594,595,VLG76GZ,VLG68LT,Media,Media,LEBL-24L,LEBL-24L,-,OLOXO1C,4.715152447666598,05:42:00:672,4.868177921765201,05:42:04:656,A321,A321,-,OLOXO1C,HP,HP,False,True,False,3,True,True,True,
595,596,VLG68LT,VLG5YL,Media,Media,LEBL-24L,LEBL-24L,OLOXO1C,-,4.1268000027077,,,,A321,A320,OLOXO1C,-,HP,HP,False,True,False,3,True,True,True,
596,597,VLG5YL,RYR2SY,Media,Media,LEBL-24L,LEBL-24L,-,-,2.959109738480421,05:44:20:555,3.044486952714462,05:44:24:531,A320,B738,-,-,HP,HP,False,True,False,3,False,True,False,TWR 3.0 < 3
597,598,RYR2SY,VLG2QW,Media,Media,LEBL-24L,LEBL-24L,-,-,3.1588104142954614,,,,B738,A320,-,-,HP,HP,False,True,False,3,True,True,True,
598,599,VLG2QW,VLG3TC,Media,Media,LEBL-24L,LEBL-24L,-,-,3.1164415592421,05:46:48:398,3.167124312084808,05:46:52:367,A320,A321,-,-,HP,HP,False,True,False,3,True,True,True,
599,600,VLG3TC,VLG84ZE,Media,Media,LEBL-24L,LEBL-24L,-,NATPI1C,4.428967045969856,05:48:24:180,4.5747926495609095,05:48:28:172,A321,A320,-,NATPI1C,HP,HP,False,True,False,3,True,True,True,
600,601,VLG84ZE,VLG1YW,Media,Media,LEBL-24L,LEBL-24L,NATPI1C,-,3.369690643962634,05:49:40:172,3.439870798575993,05:49:44:148,A320,A320,NATPI1C,-,HP,HP,False,True,False,3,True,True,True,
601,602,VLG1YW,VLG6FZ,Media,Media,LEBL-24L,LEBL-24L,-,-,4.72907975194844,,,,A320,A320,-,-,HP,HP,False,True,False,3,True,True,True,
602,603,VLG6FZ,VLG9VG,Media,Media,LEBL-24L,LEBL-24L,-,-,2.6336052779907186,05:52:24:023,2.67428764731968,05:52:28:000,A320,A321,-,-,HP,HP,False,True,False,3,False,True,False,TWR 2.6 < 3
603,604,VLG9VG,VLG94PH,Media,Media,LEBL-24L,LEBL-24L,-,-,3.867835364470074,05:53:51:734,3.9797576014249754,05:53:55:711,A321,A320,-,-,HP,HP,False,True,False,3,True,True,True,
604,605,VLG94PH,VLG44WK,Media,Media,LEBL-24L,LEBL-24L,-,OLOXO1C,3.4171318138469577,05:55:07:656,3.5131218591576805,05:55:11:633,A320,A321,-,OLOXO1C,HP,HP,False,True,False,3,True,True,True,
605,606,VLG44WK,VLG2GP,Media,Media,LEBL-24L,LEBL-24L,OLOXO1C,LARPA1C,2.9578330137953857,05:56:15:656,3.023101569265343,05:56:19:633,A321,A320,OLOXO1C,LARPA1C,HP,HP,False,True,False,3,False,True,False,TWR 3.0 < 3
606,607,VLG2GP,VLG73LA,Media,Media,LEBL-24L,LEBL-24L,LARPA1C,-,4.154029140240315,05:57:47:430,4.268072679083659,05:57:51:414,A320,A20N,LARPA1C,-,HP,HP,False,True,False,3,True,True,True,
607,608,VLG73LA,EJU86XG,Media,Media,LEBL-24L,LEBL-24L,-,-,3.2150337239471507,,,,A20N,A319,-,-,HP,HP,False,True,False,3,True,True,True,
608,609,EJU86XG,BAW47C,Media,Media,LEBL-24L,LEBL-24L,-,-,2.5995217229877308,06:00:07:367,2.639943233380643,06:00:11:344,A319,A319,-,-,HP,HP,False,True,False,3,False,True,False,TWR 2.6 < 3
609,610,BAW47C,VLG5RP,Media,Media,LEBL-24L,LEBL-24L,-,OLOXO1C,3.8916302722931895,06:01:47:172,3.5349187100776795,06:03:27:133,A319,A21N,-,OLOXO1C,HP,HP,False,True,False,3,True,True,True,
610,611,VLG5RP,VLG6LC,Media,Media,LEBL-24L,LEBL-24L,OLOXO1C,DALIN1C,5.17105993800596,,,,A21N,A321,OLOXO1C,DALIN1C,HP,HP,False,True,False,3,True,True,True,
611,612,VLG6LC,VLG91MM,Media,Media,LEBL-24L,LEBL-24L,DALIN1C,-,3.208866436610962,06:04:18:977,3.29356039884916,06:04:22:953,A321,A320,DALIN1C,-,HP,HP,False,True,False,3,True,True,True,
612,613,VLG91MM,DLH98Y,Media,Media,LEBL-24L,LEBL-24L,-,AGENA1C,3.0280407639784186,06:05:26:961,3.102312108068314,06:05:30:945,A320,A320,-,AGENA1C,HP,HP,False,True,False,3,True,True,True,
613,614,DLH98Y,DLH97F,Media,Media,LEBL-24L,LEBL-24L,AGENA1C,-,3.7510624986264216,06:06:50:734,3.8667443853214953,06:06:54:711,A320,A321,AGENA1C,-,HP,HP,False,True,False,3,True,True,True,
614,615,DLH97F,THY1852,Media,Media,LEBL-24L,LEBL-24L,-,DIPES1C,3.8533282990554216,06:08:18:609,3.9637983054552133,06:08:22:594,A321,B738,-,DIPES1C,HP,HP,False,True,False,3,True,True,True,
615,616,THY1852,VLG700D,Media,Media,LEBL-24L,LEBL-24L,DIPES1C,-,4.916850452201928,,,,B738,A320,DIPES1C,-,HP,HP,False,True,False,3,True,True,True,
616,617,VLG700D,VLG6ZP,Media,Media,LEBL-24L,LEBL-24L,-,OLOXO1C,4.9373124390054,06:11:54:281,5.083965711543339,06:11:58:266,A320,A20N,-,OLOXO1C,HP,HP,False,True,False,3,True,True,True,
617,618,VLG6ZP,NSZ3DA,Media,Media,LEBL-24L,LEBL-24L,OLOXO1C,-,3.000024605710331,06:13:02:344,3.094236107632668,06:13:06:328,A20N,B738,OLOXO1C,-,HP,HP,False,True,False,3,True,True,True,
618,619,NSZ3DA,VLG8VX,Media,Media,LEBL-24L,LEBL-24L,-,-,3.7419921471863384,06:14:26:188,3.833554941454333,06:14:30:164,B738,A320,-,-,HP,HP,False,True,False,3,True,True,True,
619,620,VLG8VX,IBE04GZ,Media,Media,LEBL-24L,LEBL-24L,-,-,2.800892769957876,06:15:34:148,2.846936957972436,06:15:38:125,A320,A320,-,-,HP,HP,False,True,False,3,False,True,False,TWR 2.8 < 3
620,621,IBE04GZ,NSZ5528,Media,Media,LEBL-24L,LEBL-24L,-,-,4.952973600748193,,,,A320,B738,-,-,HP,HP,False,True,False,3,True,True,True,
622,623,VLG5WG,VLG45PN,Media,Media,LEBL-24L,LEBL-24L,-,-,4.1716326888509,06:21:29:633,4.292501841928526,06:21:33:617,A20N,A320,-,-,HP,HP,False,True,False,3,True,True,True,
623,624,VLG45PN,VLG65MT,Media,Media,LEBL-24L,LEBL-24L,-,LOBAR1C,3.7333480617895964,06:22:53:531,3.8322267726047436,06:22:57:508,A320,A320,-,LOBAR1C,HP,HP,False,True,False,3,True,True,True,
624,625,VLG65MT,IBE2601,Media,Pesada,LEBL-24L,LEBL-24L,LOBAR1C,LOTOS1C,7.501070554475163,06:25:17:336,7.618502477955838,06:25:21:344,A320,A332,LOBAR1C,LOTOS1C,HP,HP,False,True,False,3,True,True,True,
625,626,IBE2601,VLG93DX,Pesada,Media,LEBL-24L,LEBL-24L,LOTOS1C,LARPA1C,7.058400615741101,,,,A332,A320,LOTOS1C,LARPA1C,HP,HP,False,True,True,5,True,True,True,
626,627,VLG93DX,SWT7TN,Media,Media,LEBL-24L,LEBL-24L,LARPA1C,LARPA1C,3.5546797197656015,06:28:57:055,3.6711318231029875,06:29:01:031,A320,AT72,LARPA1C,LARPA1C,HP,NR+,False,True,True,3,True,True,True,
627,628,SWT7TN,EJU37TW,Media,Media,LEBL-24L,LEBL-24L,LARPA1C,NATPI1C,5.534657118257079,06:31:08:773,5.631077554592981,06:31:12:766,AT72,A319,LARPA1C,NATPI1C,NR+,HP,False,True,False,8,False,True,False,TWR 5.5 < 8
628,629,EJU37TW,VLG92CD,Media,Media,LEBL-24L,LEBL-24L,NATPI1C,NATPI1C,5.468468764207555,06:32:56:734,5.6034701227239925,06:33:00:719,A319,A320,NATPI1C,NATPI1C,HP,HP,False,True,True,5,True,True,True,
629,630,VLG92CD,VLG2974,Media,Media,LEBL-24L,LEBL-24L,NATPI1C,NATPI1C,4.7521491806519265,,,,A320,A20N,NATPI1C,NATPI1C,HP,HP,False,True,True,5,False,True,False,TWR 4.8 < 5
631,632,TVF32PR,VLG21PG,Media,Media,LEBL-24L,LEBL-24L,OLOXO1C,LOTOS1C,6.357852377213257,06:45:55:727,6.493239653239979,06:45:59:719,B738,A20N,OLOXO1C,LOTOS1C,HP,HP,False,True,False,3,True,True,True,
632,633,VLG21PG,AEA38LZ,Media,Media,LEBL-24L,LEBL-24L,LOTOS1C,LARPA1C,8.280941191373385,06:48:27:445,8.478682598568291,06:48:31:445,A20N,B738,LOTOS1C,LARPA1C,HP,HP,False,True,True,5,True,True,True,
633,634,AEA38LZ,RYR2889,Media,Media,LEBL-24L,LEBL-24L,LARPA1C,LARPA1C,5.8337026900969295,06:50:31:297,5.991232128420452,06:50:35:281,B738,B738,LARPA1C,LARPA1C,HP,HP,False,True,True,5,True,True,True,
634,636,RYR2889,VLG200Z,Media,Media,LEBL-24L,LEBL-24L,LARPA1C,LARPA1C,5.3534518791324315,06:52:23:172,5.493806350736358,06:52:27:156,B738,A320,LARPA1C,LARPA1C,HP,HP,False,True,True,5,True,True,True,
636,637,VLG200Z,VLG57RJ,Media,Media,LEBL-24L,LEBL-24L,LARPA1C,DIPES1C,3.024009537325807,06:53:35:234,3.0784990859041397,06:53:39:211,A320,A320,LARPA1C,DIPES1C,HP,HP,False,True,False,3,True,True,True,
637,638,VLG57RJ,RYR63PB,Media,Media,LEBL-24L,LEBL-24L,DIPES1C,LOTOS1C,3.9864556388999826,06:55:03:023,4.104320738958536,06:55:07:008,A320,B738,DIPES1C,LOTOS1C,HP,HP,False,True,False,3,True,True,True,
638,639,RYR63PB,EWG81R,Media,Media,LEBL-24L,LEBL-24L,LOTOS1C,-,4.306773602774313,06:56:38:898,4.429408028376974,06:56:42:875,B738,A320,LOTOS1C,-,HP,HP,False,True,False,3,True,True,True,
640,641,RYR4WX,VLG5FN,Media,Media,LEBL-24L,LEBL-24L,OLOXO1C,NATPI1C,4.576322890718043,07:05:22:266,4.692315795557516,07:05:26:250,B38M,A320,OLOXO1C,NATPI1C,HP,HP,False,True,True,5,False,True,False,TWR 4.6 < 5
641,642,VLG5FN,VLG6VG,Media,Media,LEBL-24L,LEBL-24L,NATPI1C,DUNES1C,6.397946679188909,,,,A320,A320,NATPI1C,DUNES1C,HP,HP,False,True,False,3,True,True,True,
643,645,IBE04YC,VLG8QR,Media,Media,LEBL-24L,LEBL-24L,-,LOTOS1C,4.412112329875596,07:13:01:602,4.556736235600341,07:13:05:586,A20N,A320,-,LOTOS1C,HP,HP,False,True,False,3,True,True,True,
645,646,VLG8QR,VLG9FC,Media,Media,LEBL-24L,LEBL-24L,LOTOS1C,GRAUS1C,3.001235900010517,07:14:13:633,3.067719597840094,07:14:17:617,A320,A320,LOTOS1C,GRAUS1C,HP,HP,False,True,False,3,True,True,True,
646,647,VLG9FC,WMT182,Media,Media,LEBL-24L,LEBL-24L,GRAUS1C,-,4.9252416533221695,07:15:57:445,5.052809307948131,07:16:01:430,A320,A321,GRAUS1C,-,HP,HP,False,True,False,3,True,True,True,
647,648,WMT182,NJE838T,Media,Media,LEBL-24L,LEBL-24L,-,-,3.619520917944839,07:17:25:367,3.1169373825835467,07:19:04:914,A321,C56X,-,-,HP,LP,False,True,False,3,True,True,True,
649,650,TRA3T,QTR138,Media,Pesada,LEBL-24L,LEBL-24L,OLOXO1C,DIPES1C,4.114729958001933,07:23:44:859,4.2284942594935515,07:23:48:844,B738,B789,OLOXO1C,DIPES1C,HP,HP,False,True,False,3,True,True,True,
650,651,QTR138,BTX6F,Pesada,Media,LEBL-24L,LEBL-24L,DIPES1C,-,7.194409569193532,07:26:32:414,7.337783227448142,07:26:36:391,B789,FA7X,DIPES1C,-,HP,HP,False,True,False,3,True,True,True,
651,652,BTX6F,RYR23VU,Media,Media,LEBL-24L,LEBL-24L,-,-,5.096020503624697,07:28:12:391,5.249415679103639,07:28:16:383,FA7X,B738,-,-,HP,HP,False,True,False,3,True,True,True,
652,653,RYR23VU,RYR98RR,Media,Media,LEBL-24L,LEBL-24L,-,DIPES1C,5.014871451741096,,,,B738,B738,-,DIPES1C,HP,HP,False,True,False,3,True,True,True,
653,654,RYR98RR,LHX06E,Media,Media,LEBL-24L,LEBL-24L,DIPES1C,-,4.24445914465118,07:31:00:258,4.371816664060311,07:31:04:234,B738,A20N,DIPES1C,-,HP,HP,False,True,False,3,True,True,True,
657,658,RYR26UP,RYR97BB,Media,Media,LEBL-24L,LEBL-24L,-,-,4.658607834877695,07:39:11:648,4.7829873689435765,07:39:15:641,B738,B738,-,-,HP,HP,False,True,False,3,True,True,True,
658,659,RYR97BB,KLM1498,Media,Media,LEBL-24L,LEBL-24L,-,-,4.389829319708915,07:40:43:492,4.517799198067081,07:40:47:477,B738,E190,-,-,HP,HP,False,True,False,3,True,True,True,
659,660,KLM1498,WMT95Z,Media,Media,LEBL-24L,LEBL-24L,-,-,4.396490189562306,,,,E190,A21N,-,-,HP,HP,False,True,False,3,True,True,True,
660,661,WMT95Z,IBE04LK,Media,Media,LEBL-24L,LEBL-24L,-,-,6.299772483079267,07:44:19:133,6.487388469583802,07:44:23:125,A21N,A20N,-,-,HP,HP,False,True,False,3,True,True,True,
661,662,IBE04LK,DAL251,Media,Pesada,LEBL-24L,LEBL-24L,-,-,4.92307097475334,07:46:03:023,5.076674162291917,07:46:07:008,A20N,A339,-,-,HP,HP,False,True,False,3,True,True,True,
663,664,WZZ17JZ,WZZ521,Media,Media,LEBL-24L,LEBL-24L,-,-,3.5849314114298862,07:52:02:688,3.648439745618199,07:52:06:664,A21N,A21N,-,-,HP,HP,False,True,False,3,True,True,True,
664,665,WZZ521,AEA68NT,Media,Media,LEBL-24L,LEBL-24L,-,LARPA1C,4.994633256745112,07:53:42:453,5.148804710513368,07:53:46:438,A21N,B738,-,LARPA1C,HP,HP,False,True,False,3,True,True,True,
665,666,AEA68NT,RYR2VW,Media,Media,LEBL-24L,LEBL-24L,LARPA1C,-,3.4849602035802656,07:55:06:422,3.5667361888678735,07:55:10:398,B738,B738,LARPA1C,-,HP,HP,False,True,False,3,True,True,True,
717,751,ICC03,DICMD,Ligera,Ligera,LEBL-24L,LEBL-24L,-,-,6.8739197618821,06:56:27:805,,,C200,C25A,-,-,LP,LP,False,True,False,3,True,True,True,
