id_preceding,id_following,callsign_preceding,callsign_following,runway_preceding,runway_following,sid_preceding,sid_following,distance_twr_nm,time_twr,distance_tma_nm,time_tma,violation_twr,violation_tma
544,545,RYR82GJ,RYR1FB,LEBL-06R,LEBL-06R,-,-,10.85310124148214,04:01:27:438,,,False,False
545,546,RYR1FB,VLG6152,LEBL-06R,LEBL-06R,-,-,7.877418001382145,04:03:51:227,8.012154507330663,04:03:55:219,False,False
546,547,VLG6152,VLG9YD,LEBL-06R,LEBL-06R,-,-,5.522499479852279,04:05:43:094,5.611294290151965,04:05:47:086,False,False
547,548,VLG9YD,RYR28RR,LEBL-06R,LEBL-06R,-,-,5.8080368956982165,04:07:30:953,5.931789784264679,04:07:34:945,False,False
548,549,RYR28RR,RYR91MD,LEBL-06R,LEBL-06R,-,-,7.214489261504477,,7.2964577715891545,,False,False
549,550,RYR91MD,RYR699N,LEBL-06R,LEBL-06R,-,-,4.699634547236717,04:10:42:695,4.817247737828315,04:10:46:688,False,False
550,551,RYR699N,VLG53PC,LEBL-06R,LEBL-06R,-,-,3.7980379482987323,04:12:02:594,3.901689986946284,04:12:06:586,False,False
551,552,VLG53PC,SWR7YT,LEBL-06R,LEBL-06R,-,-,4.975500237117856,04:13:42:461,5.076228816990706,04:13:46:453,False,False
552,553,SWR7YT,RYR32FE,LEBL-06R,LEBL-06R,-,-,5.034787061872285,04:15:22:336,5.165063763742974,04:15:26:328,False,False
553,554,RYR32FE,RYR57ZC,LEBL-06R,LEBL-06R,-,LARPA4R,4.56406951173081,04:16:54:195,4.673986137404997,04:16:58:195,False,False
554,555,RYR57ZC,VLG1510,LEBL-06R,LEBL-06R,LARPA4R,-,3.8595357283207474,04:18:18:094,3.940625455934321,04:18:22:086,False,False
556,557,VLG8FU,RYR73JP,LEBL-06R,LEBL-06R,-,-,5.0880362580877465,04:22:53:719,5.208022121950959,04:22:57:711,False,False
557,558,RYR73JP,ITY075,LEBL-06R,LEBL-06R,-,-,5.379041263034491,04:24:37:586,5.496928522158092,04:24:41:578,False,False
558,559,ITY075,RYR2A,LEBL-06R,LEBL-06R,-,DUNES4R,4.090759850115116,04:26:05:477,4.20447774734677,04:26:09:469,False,False
559,560,RYR2A,TVF32ER,LEBL-06R,LEBL-06R,DUNES4R,-,6.320825345941258,,,,False,False
560,561,TVF32ER,VLG911N,LEBL-06R,LEBL-06R,-,-,4.854588675543095,04:29:25:203,4.957556045535708,04:29:29:195,False,False
561,562,VLG911N,TAP1041,LEBL-06R,LEBL-06R,-,-,3.9923841719857958,04:30:49:086,4.098237597704323,04:30:53:078,False,False
562,563,TAP1041,RYR2VR,LEBL-06R,LEBL-06R,-,-,6.34686314268283,,,,False,False
563,564,RYR2VR,RYR81RY,LEBL-06R,LEBL-06R,-,-,6.680737402600565,04:34:32:773,6.8097046623622965,04:34:36:766,False,False
564,565,RYR81RY,KLM73T,LEBL-06R,LEBL-06R,-,-,3.8751334637989823,04:35:52:695,3.987323966551327,04:35:56:688,False,False
565,566,KLM73T,AFR32SN,LEBL-06R,LEBL-06R,-,OLOXO1R,5.518055051526905,04:37:40:539,5.623248238581482,04:37:44:531,False,False
566,567,AFR32SN,VLG8SJ,LEBL-06R,LEBL-06R,OLOXO1R,-,6.593738072551407,04:40:00:352,6.717689677908054,04:40:04:344,False,False
572,573,VLG1265,VLG73QE,LEBL-24L,LEBL-24L,OLOXO1C,GRAUS1C,9.423810380675667,05:08:59:313,,,False,False
573,574,VLG73QE,VLG6001,LEBL-24L,LEBL-24L,GRAUS1C,-,6.010144770228723,05:12:03:070,6.062581653549494,05:12:07:070,False,False
575,576,VLG4SW,VLG4VF,LEBL-24L,LEBL-24L,DIPES1C,-,4.286181944098159,05:15:14:727,4.403660379152502,05:15:18:711,False,False
576,577,VLG4VF,DLH03K,LEBL-24L,LEBL-24L,-,-,4.436086403148738,05:16:50:586,4.579686670342399,05:16:54:563,False,False
577,578,DLH03K,VLG593U,LEBL-24L,LEBL-24L,-,-,3.2542330293532453,05:18:14:508,3.3193607061720454,05:18:18:500,False,False
578,579,VLG593U,VLG38HJ,LEBL-24L,LEBL-24L,-,-,5.432518966134518,,,,False,False
579,580,VLG38HJ,IBE04RC,LEBL-24L,LEBL-24L,-,-,2.841282141366866,05:20:42:375,2.921698258883214,05:20:46:344,True,True
580,581,IBE04RC,EJU14CG,LEBL-24L,LEBL-24L,-,-,2.912293644084692,05:21:50:344,2.965283730145043,05:21:54:320,True,True
581,582,EJU14CG,VLG23TK,LEBL-24L,LEBL-24L,-,LARPA1C,3.9191781417153426,05:23:22:125,4.013805703309365,05:23:26:109,False,False
582,583,VLG23TK,VLG7830,LEBL-24L,LEBL-24L,LARPA1C,-,3.8604441106998046,05:24:49:984,3.976423863656191,05:24:53:961,False,False
583,584,VLG7830,VLG6UW,LEBL-24L,LEBL-24L,-,SENIA1C,2.9807270125209047,05:25:58:023,3.0505800579964277,05:26:02:000,True,False
584,585,VLG6UW,VLG3BV,LEBL-24L,LEBL-24L,SENIA1C,-,4.360395694141589,05:27:37:750,4.49021451353848,05:27:41:734,False,False
585,586,VLG3BV,VLG2472,LEBL-24L,LEBL-24L,-,-,3.484929652603436,,,,False,False
586,587,VLG2472,VLG3LK,LEBL-24L,LEBL-24L,-,DUNES1C,4.24661297876291,,,,False,False
587,588,VLG3LK,VLG55PB,LEBL-24L,LEBL-24L,DUNES1C,-,4.808794157192018,05:32:13:391,4.931632871703125,05:32:17:367,False,False
588,589,VLG55PB,VLG56ND,LEBL-24L,LEBL-24L,-,-,3.128512126378837,05:33:25:359,3.2308910542397022,05:33:29:336,False,False
589,590,VLG56ND,VLG1PT,LEBL-24L,LEBL-24L,-,LARPA1C,4.825766354456162,,,,False,False
590,591,VLG1PT,VLG11TT,LEBL-24L,LEBL-24L,LARPA1C,-,3.023970695704059,05:35:53:188,3.0942842607485224,05:35:57:164,False,False
591,592,VLG11TT,VLG15SY,LEBL-24L,LEBL-24L,-,SENIA1C,4.650064897247636,05:37:33:031,4.786403327634437,05:37:37:016,False,False
592,593,VLG15SY,VLG7EY,LEBL-24L,LEBL-24L,SENIA1C,LOTOS1C,4.366940075969639,05:39:08:867,4.495696760125307,05:39:12:852,False,False
593,594,VLG7EY,VLG76GZ,LEBL-24L,LEBL-24L,LOTOS1C,-,4.660837801755148,,,,False,False
594,595,VLG76GZ,VLG68LT,LEBL-24L,LEBL-24L,-,OLOXO1C,4.715152447666598,05:42:00:672,4.868177921765201,05:42:04:656,False,False
595,596,VLG68LT,VLG5YL,LEBL-24L,LEBL-24L,OLOXO1C,-,4.1268000027077,,,,False,False
596,597,VLG5YL,RYR2SY,LEBL-24L,LEBL-24L,-,-,2.959109738480421,05:44:20:555,3.044486952714462,05:44:24:531,True,False
597,598,RYR2SY,VLG2QW,LEBL-24L,LEBL-24L,-,-,3.1588104142954614,,,,False,False
598,599,VLG2QW,VLG3TC,LEBL-24L,LEBL-24L,-,-,3.1164415592421,05:46:48:398,3.167124312084808,05:46:52:367,False,False
599,600,VLG3TC,VLG84ZE,LEBL-24L,LEBL-24L,-,NATPI1C,4.428967045969856,05:48:24:180,4.5747926495609095,05:48:28:172,False,False
600,601,VLG84ZE,VLG1YW,LEBL-24L,LEBL-24L,NATPI1C,-,3.369690643962634,05:49:40:172,3.439870798575993,05:49:44:148,False,False
601,602,VLG1YW,VLG6FZ,LEBL-24L,LEBL-24L,-,-,4.72907975194844,,,,False,False
602,603,VLG6FZ,VLG9VG,LEBL-24L,LEBL-24L,-,-,2.6336052779907186,05:52:24:023,2.67428764731968,05:52:28:000,True,True
603,604,VLG9VG,VLG94PH,LEBL-24L,LEBL-24L,-,-,3.867835364470074,05:53:51:734,3.9797576014249754,05:53:55:711,False,False
604,605,VLG94PH,VLG44WK,LEBL-24L,LEBL-24L,-,OLOXO1C,3.4171318138469577,05:55:07:656,3.5131218591576805,05:55:11:633,False,False
605,606,VLG44WK,VLG2GP,LEBL-24L,LEBL-24L,OLOXO1C,LARPA1C,2.9578330137953857,05:56:15:656,3.023101569265343,05:56:19:633,True,False
606,607,VLG2GP,VLG73LA,LEBL-24L,LEBL-24L,LARPA1C,-,4.154029140240315,05:57:47:430,4.268072679083659,05:57:51:414,False,False
607,608,VLG73LA,EJU86XG,LEBL-24L,LEBL-24L,-,-,3.2150337239471507,,,,False,False
608,609,EJU86XG,BAW47C,LEBL-24L,LEBL-24L,-,-,2.5995217229877308,06:00:07:367,2.639943233380643,06:00:11:344,True,True
609,610,BAW47C,VLG5RP,LEBL-24L,LEBL-24L,-,OLOXO1C,3.8916302722931895,06:01:47:172,3.5349187100776795,06:03:27:133,False,False
610,611,VLG5RP,VLG6LC,LEBL-24L,LEBL-24L,OLOXO1C,DALIN1C,5.17105993800596,,,,False,False
611,612,VLG6LC,VLG91MM,LEBL-24L,LEBL-24L,DALIN1C,-,3.208866436610962,06:04:18:977,3.29356039884916,06:04:22:953,False,False
612,613,VLG91MM,DLH98Y,LEBL-24L,LEBL-24L,-,AGENA1C,3.0280407639784186,06:05:26:961,3.102312108068314,06:05:30:945,False,False
613,614,DLH98Y,DLH97F,LEBL-24L,LEBL-24L,AGENA1C,-,3.7510624986264216,06:06:50:734,3.8667443853214953,06:06:54:711,False,False
614,615,DLH97F,THY1852,LEBL-24L,LEBL-24L,-,DIPES1C,3.8533282990554216,06:08:18:609,3.9637983054552133,06:08:22:594,False,False
615,616,THY1852,VLG700D,LEBL-24L,LEBL-24L,DIPES1C,-,4.916850452201928,,,,False,False
616,617,VLG700D,VLG6ZP,LEBL-24L,LEBL-24L,-,OLOXO1C,4.9373124390054,06:11:54:281,5.083965711543339,06:11:58:266,False,False
617,618,VLG6ZP,NSZ3DA,LEBL-24L,LEBL-24L,OLOXO1C,-,3.000024605710331,06:13:02:344,3.094236107632668,06:13:06:328,False,False
618,619,NSZ3DA,VLG8VX,LEBL-24L,LEBL-24L,-,-,3.7419921471863384,06:14:26:188,3.833554941454333,06:14:30:164,False,False
619,620,VLG8VX,IBE04GZ,LEBL-24L,LEBL-24L,-,-,2.800892769957876,06:15:34:148,2.846936957972436,06:15:38:125,True,True
620,621,IBE04GZ,NSZ5528,LEBL-24L,LEBL-24L,-,-,4.952973600748193,,,,False,False
622,623,VLG5WG,VLG45PN,LEBL-24L,LEBL-24L,-,-,4.1716326888509,06:21:29:633,4.292501841928526,06:21:33:617,False,False
623,624,VLG45PN,VLG65MT,LEBL-24L,LEBL-24L,-,LOBAR1C,3.7333480617895964,06:22:53:531,3.8322267726047436,06:22:57:508,False,False
624,625,VLG65MT,IBE2601,LEBL-24L,LEBL-24L,LOBAR1C,LOTOS1C,7.366867476623814,06:25:13:336,7.501070554475163,06:25:17:336,False,False
625,626,IBE2601,VLG93DX,LEBL-24L,LEBL-24L,LOTOS1C,LARPA1C,7.058400615741101,,,,False,False
626,627,VLG93DX,SWT7TN,LEBL-24L,LEBL-24L,LARPA1C,LARPA1C,3.5546797197656015,06:28:57:055,3.6711318231029875,06:29:01:031,False,False
627,628,SWT7TN,EJU37TW,LEBL-24L,LEBL-24L,LARPA1C,NATPI1C,5.428754790660162,06:31:04:781,5.534657118257079,06:31:08:773,False,False
628,629,EJU37TW,VLG92CD,LEBL-24L,LEBL-24L,NATPI1C,NATPI1C,5.468468764207555,06:32:56:734,5.6034701227239925,06:33:00:719,False,False
629,630,VLG92CD,VLG2974,LEBL-24L,LEBL-24L,NATPI1C,NATPI1C,4.7521491806519265,,,,False,False
631,632,TVF32PR,VLG21PG,LEBL-24L,LEBL-24L,OLOXO1C,LOTOS1C,6.357852377213257,06:45:55:727,6.493239653239979,06:45:59:719,False,False
632,633,VLG21PG,AEA38LZ,LEBL-24L,LEBL-24L,LOTOS1C,LARPA1C,8.079936635291933,06:48:23:453,8.280941191373385,06:48:27:445,False,False
633,634,AEA38LZ,RYR2889,LEBL-24L,LEBL-24L,LARPA1C,LARPA1C,5.8337026900969295,06:50:31:297,5.991232128420452,06:50:35:281,False,False
634,636,RYR2889,VLG200Z,LEBL-24L,LEBL-24L,LARPA1C,LARPA1C,5.3534518791324315,06:52:23:172,5.493806350736358,06:52:27:156,False,False
636,637,VLG200Z,VLG57RJ,LEBL-24L,LEBL-24L,LARPA1C,DIPES1C,3.024009537325807,06:53:35:234,3.0784990859041397,06:53:39:211,False,False
637,638,VLG57RJ,RYR63PB,LEBL-24L,LEBL-24L,DIPES1C,LOTOS1C,3.9864556388999826,06:55:03:023,4.104320738958536,06:55:07:008,False,False
638,639,RYR63PB,EWG81R,LEBL-24L,LEBL-24L,LOTOS1C,-,4.306773602774313,06:56:38:898,4.429408028376974,06:56:42:875,False,False
640,641,RYR4WX,VLG5FN,LEBL-24L,LEBL-24L,OLOXO1C,NATPI1C,4.576322890718043,07:05:22:266,4.692315795557516,07:05:26:250,False,False
641,642,VLG5FN,VLG6VG,LEBL-24L,LEBL-24L,NATPI1C,DUNES1C,6.397946679188909,,,,False,False
643,645,IBE04YC,VLG8QR,LEBL-24L,LEBL-24L,-,LOTOS1C,4.412112329875596,07:13:01:602,4.556736235600341,07:13:05:586,False,False
645,646,VLG8QR,VLG9FC,LEBL-24L,LEBL-24L,LOTOS1C,GRAUS1C,3.001235900010517,07:14:13:633,3.067719597840094,07:14:17:617,False,False
646,647,VLG9FC,WMT182,LEBL-24L,LEBL-24L,GRAUS1C,-,4.9252416533221695,07:15:57:445,5.052809307948131,07:16:01:430,False,False
647,648,WMT182,NJE838T,LEBL-24L,LEBL-24L,-,-,3.619520917944839,07:17:25:367,3.1169373825835467,07:19:04:914,False,False
649,650,TRA3T,QTR138,LEBL-24L,LEBL-24L,OLOXO1C,DIPES1C,4.114729958001933,07:23:44:859,4.2284942594935515,07:23:48:844,False,False
650,651,QTR138,BTX6F,LEBL-24L,LEBL-24L,DIPES1C,-,7.069304985687044,07:26:28:438,7.194409569193532,07:26:32:414,False,False
651,652,BTX6F,RYR23VU,LEBL-24L,LEBL-24L,-,-,4.935901647756115,07:28:08:406,5.096020503624697,07:28:12:391,False,False
652,653,RYR23VU,RYR98RR,LEBL-24L,LEBL-24L,-,DIPES1C,5.014871451741096,,,,False,False
653,654,RYR98RR,LHX06E,LEBL-24L,LEBL-24L,DIPES1C,-,4.24445914465118,07:31:00:258,4.371816664060311,07:31:04:234,False,False
654,655,LHX06E,ANE53GX,LEBL-24L,LEBL-24L,-,-,3.6277181785735553,07:32:24:148,3.768120461219792,07:32:28:125,False,False
655,656,ANE53GX,VLG7CV,LEBL-24L,LEBL-24L,-,-,6.300847777950567,,,,False,False
657,658,RYR26UP,RYR97BB,LEBL-24L,LEBL-24L,-,-,4.658607834877695,07:39:11:648,4.7829873689435765,07:39:15:641,False,False
658,659,RYR97BB,KLM1498,LEBL-24L,LEBL-24L,-,-,4.389829319708915,07:40:43:492,4.517799198067081,07:40:47:477,False,False
659,660,KLM1498,WMT95Z,LEBL-24L,LEBL-24L,-,-,4.396490189562306,,,,False,False
660,661,WMT95Z,IBE04LK,LEBL-24L,LEBL-24L,-,-,6.112622897876338,07:44:15:148,6.299772483079267,07:44:19:133,False,False
661,662,IBE04LK,DAL251,LEBL-24L,LEBL-24L,-,-,4.760921482802454,07:45:59:039,4.92307097475334,07:46:03:023,False,False
663,664,WZZ17JZ,WZZ521,LEBL-24L,LEBL-24L,-,-,3.5849314114298862,07:52:02:688,3.648439745618199,07:52:06:664,False,False
664,665,WZZ521,AEA68NT,LEBL-24L,LEBL-24L,-,LARPA1C,4.835568764776147,07:53:38:469,4.994633256745112,07:53:42:453,False,False
665,666,AEA68NT,RYR2VW,LEBL-24L,LEBL-24L,LARPA1C,-,3.4849602035802656,07:55:06:422,3.5667361888678735,07:55:10:398,False,False
717,751,ICC03,DICMD,LEBL-24L,LEBL-24L,-,-,9.962662176119759,06:52:16:266,6.347571467608543,06:55:04:016,False,False
