id,callsign,Time_despegue,lat_turn,lon_turn,time_turn,roll_turn_deg,track_turn_deg,alt_ft_turn,SID,TipoAeronave,Estela,Atraviesa_radial_234,turn_found,turn_compliant,radial_from_bcn_deg
571,VLG3YR,05:00:11:922,41.27504495,2.06196303,05:00:52:148,-24.258,,974.995093511738,-,A320,Media,True,False,False,72.26381234162159
572,VLG1265,05:06:03:477,41.27788536,2.06298161,05:06:39:719,-16.172,,799.994930366542,OLOXO1C,A320,Media,True,False,False,66.42578175786366
573,VLG73QE,05:08:59:203,41.27374862,2.06143716,05:09:43:438,-20.566,,1124.99516474095,GRAUS1C,A321,Media,True,False,False,75.18801882702633
575,VLG4SW,05:13:34:867,41.27786724,2.06346506,05:14:11:125,-31.113,,899.995111561236,DIPES1C,A321,Media,True,False,False,66.80207823723009
576,VLG4VF,05:15:06:719,41.27019763,2.05862067,05:15:54:938,-27.07,,1249.99485660305,-,A321,Media,True,False,False,83.89237417474016
577,DLH03K,05:16:42:570,41.27791919,2.06959111,05:17:18:828,-21.621,,1024.99713277483,-,A20N,Media,True,False,False,70.2965046614139
578,VLG593U,05:18:10:500,41.27800571,2.064202,05:18:46:766,-29.531,,899.995349412107,-,A321,Media,True,False,False,67.0082585059447
579,VLG38HJ,05:19:26:367,41.28189397,2.07334267,05:19:54:641,-9.492,,649.997549351894,-,A321,Media,True,False,False,65.4488985136386
580,IBE04RC,05:20:34:273,41.27514548,2.06092814,05:21:18:555,-23.027,,1249.99469107329,-,A320,Media,True,False,False,71.39329722285459
581,EJU14CG,05:21:46:219,41.2742096,2.0600011,05:22:30:445,-20.742,,1124.99451664675,-,A319,Media,True,False,False,73.21353160968897
582,VLG23TK,05:23:14:055,41.27677214,2.06404436,05:23:54:344,-29.18,,1124.99552356293,LARPA1C,A321,Media,True,False,False,69.54317990393179
583,VLG7830,05:24:46:016,41.27714465,2.063128,05:25:22:242,-29.18,,924.995120474009,-,A321,Media,True,False,False,68.1429776356764
584,VLG6UW,05:25:53:898,41.27834742,2.06439515,05:26:30:156,-28.477,,899.995357735344,SENIA1C,A321,Media,True,False,False,66.42791749659136
585,VLG3BV,05:27:29:758,41.27878828,2.0654561,05:28:06:031,-29.355,,824.995646565056,-,A320,Media,True,False,False,66.24206651950857
586,VLG2472,05:28:45:633,41.27249556,2.05742136,05:29:33:898,-23.203,,1224.99384167242,-,A321,Media,True,False,False,76.5449122320718
587,VLG3LK,05:30:25:555,41.28094569,2.07109537,05:30:53:797,-3.867,,549.99706340571,DUNES1C,A320,Media,True,False,False,65.74657979753891
588,VLG55PB,05:32:05:398,41.28016123,2.06941876,05:32:37:664,-21.973,,749.996695782397,-,A21N,Media,True,False,False,66.1297055817314
589,VLG56ND,05:33:21:320,41.27070734,2.05761851,05:34:09:523,-25.84,-3.0,1149.99432399907,-,A319,Media,True,False,False,82.06784062741167
590,VLG1PT,05:34:33:203,41.27585691,2.06416815,05:35:13:445,-23.73,,1124.99574010154,LARPA1C,A321,Media,True,False,False,71.6322751989016
591,VLG11TT,05:35:49:117,41.27431227,2.05914591,05:36:33:359,-21.094,,1249.99416135606,-,A320,Media,True,False,False,72.4146557936034
592,VLG15SY,05:37:24:953,41.27534412,2.05933039,05:38:09:250,-18.809,,1099.99402341567,SENIA1C,A320,Media,True,False,False,69.821236987747
593,VLG7EY,05:39:00:852,41.27858649,2.06509745,05:39:37:133,-26.367,,749.995555740252,LOTOS1C,A321,Media,True,False,False,66.40973168228754
594,VLG76GZ,05:40:24:750,41.27793314,2.0676602,05:40:57:000,-25.84,,1199.99653491213,-,A321,Media,True,False,False,69.25415518069826
595,VLG68LT,05:41:52:602,41.28116871,2.07097038,05:42:24:906,-16.348,,599.996994998361,OLOXO1C,A321,Media,True,False,False,65.30133273406847
596,VLG5YL,05:43:08:563,41.27720361,2.06417921,05:43:44:805,-32.168,,924.995485590359,-,A320,Media,True,False,False,68.69362653478026
597,RYR2SY,05:44:16:469,41.27544886,2.06481891,05:44:56:688,-20.566,,949.9960412335,-,B738,Media,True,False,False,72.88489863641098
598,VLG2QW,05:45:28:328,41.27947773,2.06636176,05:46:04:633,-11.426,,724.99583305946,-,A320,Media,True,False,False,65.49186467335772
599,VLG3TC,05:46:44:266,41.27605221,2.06410735,05:47:24:508,-28.828,,924.995674812623,-,A321,Media,True,False,False,71.16390898071103
600,VLG84ZE,05:48:20:188,41.27310736,2.05673766,05:49:04:398,-23.379,,1174.99342158151,NATPI1C,A320,Media,True,False,False,74.30387996236584
601,VLG1YW,05:49:32:039,41.27635465,2.06344932,05:50:12:297,-18.984,,999.995385338197,-,A320,Media,True,False,False,70.10272892101358
602,VLG6FZ,05:51:15:914,41.27847403,2.06479973,05:51:52:188,-15.996,,849.995475388515,-,A320,Media,True,False,False,66.43996674940263
603,VLG9VG,05:52:15:820,41.27075338,2.06028676,05:53:04:039,-21.27,,1199.99538581648,-,A321,Media,True,False,False,82.71469703233987
604,VLG94PH,05:53:43:719,41.27161677,2.06267082,05:54:27:914,-13.711,,1199.99608920643,-,A320,Media,True,False,False,81.0976619681154
605,VLG44WK,05:54:59:609,41.27422367,2.06158518,05:55:43:859,-25.137,,1149.99512315208,OLOXO1C,A321,Media,True,False,False,74.0698506093695
606,VLG2GP,05:56:11:547,41.28116242,2.07142889,05:56:39:797,-5.273,,599.997127672111,LARPA1C,A320,Media,True,False,False,65.57385646704506
607,VLG73LA,05:57:39:367,41.28039403,2.07214211,05:58:11:656,-29.531,,799.997453566363,-,A20N,Media,True,False,False,67.24293467561938
608,EJU86XG,05:58:59:352,41.27007332,2.05914994,05:59:47:516,-23.203,,1299.99510038738,-,A319,Media,True,False,False,84.37964743462089
609,BAW47C,06:00:03:266,41.27566878,2.0626549,06:00:43:477,-30.938,,1074.99523034333,-,A319,Media,True,False,False,71.19065540171863
610,VLG5RP,06:01:43:125,41.27758856,2.06563946,06:02:19:359,-30.234,,824.995917971652,OLOXO1C,A21N,Media,True,False,False,68.7809392654172
611,VLG6LC,06:02:59:016,41.27576174,2.06263275,06:03:39:258,-26.543,,974.995201029388,DALIN1C,A321,Media,True,False,False,70.96100065008704
612,VLG91MM,06:04:14:945,41.28063369,2.07032397,06:04:43:172,-15.645,,599.996887969594,-,A320,Media,True,False,False,65.83425181252903
613,DLH98Y,06:05:18:805,41.27665957,2.06288374,06:05:59:086,-28.125,,974.995122640014,AGENA1C,A320,Media,True,False,False,69.06346316687507
614,DLH97F,06:06:46:734,41.2808388,2.07089161,06:07:14:977,-20.215,,624.997023273967,-,A321,Media,True,False,False,65.81071856350354
615,THY1852,06:08:10:586,41.27830923,2.06439031,06:08:46:883,-17.93,,724.99535704911,DIPES1C,B738,Media,True,False,False,66.50346121393011
616,VLG700D,06:10:06:445,41.281434,2.07249799,06:10:34:711,-15.293,,649.997388002086,-,A320,Media,True,False,False,65.72394867005039
617,VLG6ZP,06:11:46:297,41.27841933,2.06748245,06:12:22:570,-30.059,,999.996386665828,OLOXO1C,A20N,Media,True,False,False,68.2133910484344
618,NSZ3DA,06:12:58:250,41.27779273,2.06370382,06:13:34:508,-21.094,,649.995202275321,-,B738,Media,True,False,False,67.1238453446067
619,VLG8VX,06:14:22:148,41.2724372,2.05977365,06:15:06:352,-22.148,,1224.99480627881,-,A320,Media,True,False,False,77.86318169621109
620,IBE04GZ,06:15:26:031,41.27409053,2.06127138,06:16:10:281,-19.863,,1124.99503101305,-,A320,Media,True,False,False,74.23629963860628
621,NSZ5528,06:16:45:930,41.27061815,2.05586412,06:17:34:172,-19.863,,1099.99360289357,-,B738,Media,True,False,False,81.75550738281493
622,VLG5WG,06:19:49:680,41.28098311,2.07120798,06:20:21:961,-20.918,,724.997095692136,-,A20N,Media,True,False,False,65.74768836356668
623,VLG45PN,06:21:21:563,41.27737495,2.06266469,06:22:01:859,-21.445,,924.99490976227,-,A320,Media,True,False,False,67.31964972356536
624,VLG65MT,06:22:45:445,41.28072507,2.0703204,06:23:17:742,-7.207,,524.996870352003,LOBAR1C,A320,Media,True,False,False,65.67555827019925
625,IBE2601,06:25:09:344,41.27463857,2.05990756,06:25:49:555,-28.828,,874.994384698956,LOTOS1C,A332,Pesada,True,False,False,72.03723310382827
626,VLG93DX,06:27:25:102,41.27536553,2.05987618,06:28:09:391,-29.004,,1149.99423654091,LARPA1C,A320,Media,True,False,False,70.14888226962154
627,SWT7TN,06:28:49:008,41.2821331,2.07655607,06:29:17:242,-13.184,,599.998324106939,LARPA1C,AT72,Media,True,False,False,66.72058982007502
628,EJU37TW,06:31:00:898,41.27911625,2.066279,06:31:33:125,-13.359,,624.995862209843,NATPI1C,A319,Media,True,False,False,66.13351204072
629,VLG92CD,06:32:52:727,41.27770615,2.06416703,06:33:28:969,-28.301,,824.995387664705,NATPI1C,A320,Media,True,False,False,67.61539202807501
630,VLG2974,06:34:04:594,41.27611872,2.06579912,06:34:44:844,-23.027,,1049.99625056648,NATPI1C,A20N,Media,True,False,False,71.93885626554953
631,TVF32PR,06:43:43:898,41.27934795,2.06727521,06:44:16:148,-6.328,,724.996154118261,OLOXO1C,B738,Media,True,False,False,66.32014170190513
632,VLG21PG,06:45:47:688,41.280822,2.07002133,06:46:19:977,-22.676,,674.996771422342,LOTOS1C,A20N,Media,True,False,False,65.33405325840533
633,AEA38LZ,06:48:19:555,41.27933505,2.06748492,06:48:51:789,-7.031,,599.996219953401,LARPA1C,B738,Media,True,False,False,66.47376970418429
634,RYR2889,06:50:23:352,41.27137349,2.05912085,06:51:11:578,-13.887,,1049.99477889343,LARPA1C,B738,Media,True,False,False,80.59690843299899
636,VLG200Z,06:52:15:188,41.27558405,2.06040379,06:52:59:484,-23.73,,1099.99439817829,LARPA1C,A320,Media,True,False,False,69.96097286670613
637,VLG57RJ,06:53:27:102,41.2790179,2.06652282,06:54:03:391,-26.367,,749.995963621665,DIPES1C,A320,Media,True,False,False,66.4790057045592
638,RYR63PB,06:54:59:023,41.27784706,2.06400498,06:55:35:281,-18.105,,774.995303763531,LOTOS1C,B738,Media,True,False,False,67.21057286134828
639,EWG81R,06:56:34:898,41.28121598,2.07158989,06:57:03:148,-10.371,,574.997164567699,-,A320,Media,True,False,False,65.57604642663051
640,RYR4WX,07:03:34:359,41.27601416,2.05857803,07:04:18:625,-23.73,,849.993583700585,OLOXO1C,B38M,Media,True,False,False,67.52160066171507
641,VLG5FN,07:05:14:195,41.27504067,2.06023142,07:05:58:477,-20.918,,1174.99444039588,NATPI1C,A320,Media,True,False,False,71.21197879173741
642,VLG6VG,07:06:50:031,41.27621802,2.06217258,07:07:34:352,-21.797,,1099.99494784502,DUNES1C,A320,Media,True,False,False,69.61267856884075
643,IBE04YC,07:11:13:719,41.28245493,2.07486375,07:11:42:000,-20.391,,599.997863157249,-,A20N,Media,True,False,False,65.38897562721064
645,VLG8QR,07:12:53:586,41.27957541,2.06714264,07:13:29:898,-13.184,,724.996073712243,LOTOS1C,A320,Media,True,False,False,65.80932939481579
646,VLG9FC,07:14:09:547,41.2799067,2.06755456,07:14:41:805,-15.117,,674.996151466429,GRAUS1C,A320,Media,True,False,False,65.45363512953696
647,WMT182,07:15:49:383,41.27911424,2.0652018,07:16:25:680,-15.645,,724.995501538557,-,A321,Media,True,False,False,65.42547811789183
648,NJE838T,07:17:21:305,41.27342551,2.06693476,07:17:57:477,-23.73,,1549.99718469657,-,C56X,Media,True,False,False,78.2262460778955
649,TRA3T,07:22:08:898,41.27405943,2.06140519,07:22:53:148,-20.215,,1074.9950865536,OLOXO1C,B738,Media,True,False,False,74.38596662079351
650,QTR138,07:23:36:805,41.27719113,2.06093725,07:24:17:086,-15.293,,674.994287650956,DIPES1C,B789,Pesada,True,False,False,66.4824870901275
651,BTX6F,07:26:24:734,41.28422328,2.08026026,07:26:36:820,-3.867,,599.998856128032,-,FA7X,Media,True,False,False,65.50559052334398
652,RYR23VU,07:28:04:492,41.27831341,2.06360777,07:28:40:742,-11.426,,674.995077451024,-,B738,Media,True,False,False,65.95584409109938
653,RYR98RR,07:29:28:391,41.27867483,2.06609505,07:30:00:625,-26.719,,674.995876888203,DIPES1C,B738,Media,True,False,False,66.8780159155126
654,LHX06E,07:30:56:250,41.28006256,2.07021666,07:31:28:492,-23.555,,774.996951795101,-,A20N,Media,True,False,False,66.761584054536
655,ANE53GX,07:32:20:141,41.2709462,2.05331548,07:33:12:375,-15.82,,1324.992407661,-,CRJX,Media,True,False,False,79.50835056828771
656,VLG7CV,07:34:19:984,41.27544223,2.06222888,07:35:00:227,-25.312,,1074.99511732269,-,A320,Media,True,False,False,71.46920008406022
657,RYR26UP,07:37:31:742,41.27761749,2.06471484,07:38:07:992,-27.598,,849.995596121291,-,B738,Media,True,False,False,68.15351782289372
658,RYR97BB,07:39:07:641,41.27882864,2.06558811,07:39:39:883,-24.961,,624.995678233906,-,B738,Media,True,False,False,66.24853175000959
659,KLM1498,07:40:27:359,41.27946382,2.06590568,07:41:11:766,-10.371,,574.995678005102,-,E190,Media,True,False,False,65.21687067233995
660,WMT95Z,07:42:07:336,41.28076793,2.07016542,07:42:39:641,-10.898,,549.99681863103,-,A21N,Media,True,False,False,65.51168468124524
661,IBE04LK,07:44:11:234,41.28259017,2.07480858,07:44:35:469,-15.469,,549.997828544674,-,A20N,Media,True,False,False,65.15504608134665
662,DAL251,07:45:55:086,41.27862788,2.06474246,07:46:31:352,-15.645,,824.99542832757,-,A339,Pesada,True,False,False,66.0888347578126
663,WZZ17JZ,07:50:26:750,41.27402244,2.0552692,07:51:15:000,-21.445,,874.99259006963,-,A21N,Media,True,False,False,70.43891468228082
664,WZZ521,07:51:50:586,41.27699496,2.06240815,07:52:30:883,-19.16,,949.994885345427,-,A21N,Media,True,False,False,67.99155377854316
665,AEA68NT,07:53:34:508,41.27380113,2.05972549,07:54:18:727,-19.336,,949.994487198903,LARPA1C,B738,Media,True,False,False,74.13419885820917
666,RYR2VW,07:54:58:375,41.27706085,2.05946812,07:55:38:664,-13.184,,774.993742139021,-,B738,Media,True,False,False,65.63007715536088
667,VLG7KT,07:59:22:008,41.27318731,2.05744034,08:00:10:281,-23.555,,1199.99369952979,-,A320,Media,True,False,False,74.50427735489842
